Source_File,Date,Category_Large,Category_Medium,Symptom,Action_Taken
Microsoft 공식 레퍼런스,2026-08-07,소프트웨어,Windows Update,"[0x80070002] Windows 업데이트 다운로드 또는 설치 중 0x80070002 오류 발생하며 업데이트 중단","1. Windows Update 및 BITS 서비스 중지: net stop wuauserv, net stop bits 2. C:\Windows\SoftwareDistribution 폴더 내용 전체 삭제 3. 서비스 재시작 및 업데이트 재시도"
Microsoft 공식 레퍼런스,2026-08-07,소프트웨어,Windows Update,"[0x80070003] Windows Update 진행 중 0x80070003 경로를 찾을 수 없음 오류 발생","DISM 컴포넌트 복구 및 시스템 파일 무결성 복구(sfc /scannow) 후 임시 캐시 초기화"
Microsoft 공식 레퍼런스,2026-08-07,소프트웨어,Windows Update,"[0x80070005] 업데이트 설치 중 0x80070005 액세스가 거부되었습니다 오류 표출","1. 타사 안티바이러스 실시간 감시 일시 중단 2. SubInACL 또는 윈도우 기본 권한 재설정"
Microsoft 공식 레퍼런스,2026-08-07,소프트웨어,Windows Update,"[0x80070057] Windows Update 또는 백업 작업 시 매개 변수가 틀립니다(0x80070057) 오류 발생","1. chkdsk C: /f 디스크 검사 2. 시스템 예약 파티션 여유 공간 확보 3. 레지스트리 구분자 확인"
Microsoft 공식 레퍼런스,2026-08-07,소프트웨어,Windows Update,"[0x80070422] Windows 업데이트를 확인할 수 없음 오류 0x80070422 표시","services.msc에서 Windows Update 서비스를 시작 유형 [자동]으로 변경 후 시작"
Microsoft 공식 레퍼런스,2026-08-07,소프트웨어,Windows Update,"[0x80070490] 업데이트 중 0x80070490(Element not found) 발생하며 CBS 매니페스트 누락","DISM 및 SFC 무결성 스캔 실행 후 실패 시 윈도우 인플레이스(In-Place) 업그레이드 복구"
Microsoft 공식 레퍼런스,2026-08-07,소프트웨어,Windows Update,"[0x80070643] Windows 복구 환경(WinRE) 업데이트(KB5034441 등) 설치 시 0x80070643 무한 실패","diskpart를 사용하여 OS 파티션을 약 500MB 축소하고 복구 파티션을 250MB 이상 확장"
Microsoft 공식 레퍼런스,2026-08-07,소프트웨어,Windows Update,"[0x80073701] 업데이트 설치 중 0x80073701 참조된 어셈블리를 찾을 수 없습니다 오류 발생","DISM StartComponentCleanup 실행 및 수동 독립 실행형 패키지(MSU) 설치"
Microsoft 공식 레퍼런스,2026-08-07,소프트웨어,Windows Update,"[0x80073712] Windows 기능 추가/제거 또는 업데이트 시 0x80073712 구성 요소 저장소 손상 표출","Windows 설치 ISO 이미지를 마운트하여 WIM 소스를 지정한 DISM 복구 수행"
Microsoft 공식 레퍼런스,2026-08-07,소프트웨어,Windows Update,"[0x800F081F] .NET Framework 3.5 설치 또는 누적 업데이트 시 0x800F081F 소스 파일을 찾을 수 없음","설치 미디어의 sxs 폴더를 소스로 지정하여 오프라인 기능 설치"
Microsoft 공식 레퍼런스,2026-08-07,소프트웨어,Windows Update,"[0x800F0906] 선택적 기능 또는 언어 팩 추가 시 0x800F0906 소스 파일을 다운로드할 수 없음","로컬 그룹 정책 편집기(gpedit.msc)에서 선택적 구성 요소 원본 경로 정책 구성"
Microsoft 공식 레퍼런스,2026-08-07,소프트웨어,Windows Update,"[0x800F0922] 업데이트 진행률 99% 도달 후 변경 내용을 실행 취소하는 중 메시지와 함께 0x800F0922 롤백","1. EFI 시스템 파티션의 로그 및 폰트 파일 정리 2. Secure Boot 설정 확인"
Microsoft 공식 레퍼런스,2026-08-07,소프트웨어,Windows Update,"[0x80240034] Windows Update 카탈로그 검색은 성공하나 다운로드 시작 즉시 0x80240034 오류 발생","네트워크 어댑터 재설정 및 소프트웨어 배포 폴더 리셋"
Microsoft 공식 레퍼런스,2026-08-07,소프트웨어,Windows Update,"[0x80244018] 업데이트 서버와 통신 중 0x80244018 (HTTP 403 Forbidden) 오류 발생","프록시 설정 비활성화(`netsh winhttp reset proxy`) 및 VPN 연결 해제 후 직접 연결"
Microsoft 공식 레퍼런스,2026-08-07,소프트웨어,Windows Update,"[0x8024402C] Windows 업데이트 시 0x8024402C 발생하며 업데이트 서버 이름을 확인할 수 없음","네트워크 어댑터의 DNS를 신뢰할 수 있는 공공 DNS(1.1.1.1 또는 8.8.8.8)로 수동 변경"
Microsoft 공식 레퍼런스,2026-08-07,소프트웨어,Windows Update,"[0xC0000005] 응용 프로그램 실행 중 0xC0000005 응용 프로그램 오류 발생하며 강제 종료","1. 데이터 실행 방지(DEP) 설정 확인 2. RAM 메모리 진단 실행 3. Visual C++ 재배포 패키지 재설치"
Microsoft 공식 레퍼런스,2026-08-07,소프트웨어,Windows Update,"[0xC0000142] 프로그램 실행 시 응용 프로그램을 제대로 시작하지 못했습니다(0xC0000142) 오류 창 표출","1. 시스템 파일 무결성 복구(`sfc /scannow`) 2. 클린 부팅을 통한 타사 DLL 인젝션 차단"
Microsoft 공식 레퍼런스,2026-08-07,소프트웨어,Windows Update,"[0xC000021A] 부팅 중 블루스크린 발생하며 중지 코드 0xC000021A 표출","안전 모드 부팅 후 최근 설치된 드라이버 롤백 및 드라이버 서명 적용 비활성화 모드 테스트"
PC 하드웨어 표준 진단 규격,2026-08-07,하드웨어,BIOS,"[1 Beep (단음 1회)] PC 전원 켜짐 후 화면 반응 없이 비프음 1회 발생","RAM 모듈 탈착 후 골드핑거 세척 및 A2(2번) 슬롯 재장착"
PC 하드웨어 표준 진단 규격,2026-08-07,하드웨어,BIOS,"[2 Beeps (단음 2회)] 전원 인가 시 비프음 2회 울리며 부팅 불가","다중 RAM 장착 시 슬롯 교차 장착 및 단일 램 단독 부팅 테스트"
PC 하드웨어 표준 진단 규격,2026-08-07,하드웨어,BIOS,"[3 Beeps (단음 3회)] 전원 ON 시 비프음 3회 연속 출력 후 화면 먹통","신품 RAM으로 대체 교체 테스트 또는 다른 채널 슬롯 장착"
PC 하드웨어 표준 진단 규격,2026-08-07,하드웨어,BIOS,"[5 Beeps (단음 5회)] 전원 팬은 회전하나 비프음 5회 발생하며 화면 무반응","1. 파워서플라이 CPU 8핀 보조전원 결착 확인 2. CPU 쿨러 탈거 후 소켓 핀 검사"
PC 하드웨어 표준 진단 규격,2026-08-07,하드웨어,BIOS,"[8 Beeps (단음 8회)] 비프음 8회 출력되며 모니터에 신호 없음(No Signal) 표시","외장 그래픽카드 탈착 후 PCIe 골드핑거 세척 및 보조전원(PCIe 8핀) 재연결"
PC 하드웨어 표준 진단 규격,2026-08-07,하드웨어,BIOS,"[1 Long 2 Short (장음 1회, 단음 2회)] 삐--- 삑 삑 비프음 출력 후 화면 출력 불가","그래픽카드 재장착 및 모니터 케이블(DP/HDMI) 교체 테스트"
PC 하드웨어 표준 진단 규격,2026-08-07,하드웨어,BIOS,"[Continuous Long (연속 장음)] 삐--- 삐--- 장음이 끊김 없이 무한 반복되며 부팅 멈춤","전체 RAM 탈거 후 1개씩 단일 장착하여 불량 슬롯 및 불량 모듈 판별"
PC 하드웨어 표준 진단 규격,2026-08-07,하드웨어,데스크탑,"[2 Amber, 4 White (주황 2회, 흰색 4회)] Dell 데스크탑/노트북 전원 버튼 LED가 주황색 2회, 흰색 4회 점멸 반복","Dell 권장 규격의 DDR4/DDR5 메모리 확인 및 개별 슬롯 점검"
PC 하드웨어 표준 진단 규격,2026-08-07,하드웨어,데스크탑,"[3 Amber, 5 White (주황 3회, 흰색 5회)] Dell 시스템 전원 버튼 LED가 주황색 3회, 흰색 5회 점멸 후 전원 차단","1. 외부 모든 USB 및 도킹 스테이션 탈거 2. 메인보드 RTC 리셋 점퍼 실행"
PC 하드웨어 표준 진단 규격,2026-08-07,하드웨어,데스크탑,"[3 Long, 2 Short (Caps Lock 점멸 3장 2단)] HP 노트북/데스크탑 전원 인가 시 Caps Lock LED가 긴 점멸 3회, 짧은 점멸 2회 반복","RAM 접점 청소 및 HP PC Hardware Diagnostics UEFI 실행"
PC 하드웨어 표준 진단 규격,2026-08-07,하드웨어,데스크탑,"[5 Long, 2 Short (Caps Lock 점멸 5장 2단)] HP PC 전원 켜짐 후 Caps Lock LED 5장 2단 점멸하며 블랙스크린 유지","HP 하드웨어 단축키(Win + B)를 사용한 BIOS 비상 자동 복구 시퀀스 실행"
PC 하드웨어 표준 진단 규격,2026-08-07,하드웨어,데스크탑,"[BEEP 2101 / 2102] ThinkPad 부팅 시 ""2101: Detection error on SSD (M.2)"" 에러 메시지 표출","M.2 슬롯 나사 체결 상태 확인 및 재장착, SSD 펌웨어 업데이트"
PC 하드웨어 표준 진단 규격,2026-08-07,하드웨어,저장장치,"[ID 05 (Reallocated Sectors Count)] CrystalDiskInfo에서 디스크 상태 [주의] 노란색 경고 표시 및 05 치환된 섹터 수 증가","즉시 중요 데이터 2차 외부 백업 수행 및 무상 보증(RMA) 서비스 신청"
PC 하드웨어 표준 진단 규격,2026-08-07,하드웨어,저장장치,"[ID C5 (Current Pending Sector Count)] 시스템 프리징 발생 및 CrystalDiskInfo C5 보류 중인 섹터 수 경고 표출","전체 포맷(Zero-fill)을 통해 섹터 복구 시도 또는 즉시 SSD/HDD 교체"
KISA 보호나라 표준 가이드,2026-08-07,네트워크,네트워크 보안,"특정 포털 사이트 접속 시 보안 인증서 경고 또는 금융감독원 팝업창이 강제 표출됨","공유기 공장 초기화(RST) 및 관리자 암호 변경, 통신사 공인 DNS 강제 지정"
KISA 보호나라 표준 가이드,2026-08-07,네트워크,보안/복구,"파일 확장자가 알 수 없는 문자열로 변경되고 바탕화면에 README 텍스트 파일 생성됨","1. 즉각적인 유선 랜선 탈거 및 Wi-Fi 차단 2. 강제 전원 OFF 및 오프라인 백업 검사"
KISA 보호나라 표준 가이드,2026-08-07,네트워크,네트워크 보안,"작업 관리자 또는 이벤트 뷰어(Security 4625)에 수천 건의 알 수 없는 계정 로그인 실패 기록 누적","1. RDP 기본 포트 레지스트리 변경 2. Windows 방화벽 인바운드 특정 IP 제한"
KISA 보호나라 표준 가이드,2026-08-07,네트워크,네트워크 보안,"Wi-Fi 및 이더넷 연결됨 상태이나 웹 브라우저 접속 불가 및 DNS 요청 타임아웃 지속","관리자 권한 CMD에서 netsh winsock reset 및 netsh int ip reset 명령으로 스택 초기화"
KISA 보호나라 표준 가이드,2026-08-07,네트워크,보안/복구,"사내 네트워크에서 워너크라이(WannaCry) 류의 파일 공유 취약점 공격 노출 우려","Windows 기능 켜기/끄기에서 SMB 1.0/CIFS 파일 공유 지원 완전 비활성화"
Microsoft 공식 레퍼런스,2026-08-07,소프트웨어,블루스크린(BSOD),"[0x0000000A] 고부하 작업 또는 부팅 중 블루스크린 IRQL_NOT_LESS_OR_EQUAL (0x0000000A) 발생","최근 설치된 드라이버 롤백, 그래픽/칩셋 드라이버 클린 재설치 및 메모리 진단(mdsched)"
Microsoft 공식 레퍼런스,2026-08-07,소프트웨어,블루스크린(BSOD),"[0x0000001E] 프로그램 실행 또는 시스템 가동 중 KMODE_EXCEPTION_NOT_HANDLED (0x0000001E) 블루스크린","오류 덤프(minidump)에 명시된 문제 파일(.sys) 식별 및 해당 드라이버 교체/삭제"
Microsoft 공식 레퍼런스,2026-08-07,소프트웨어,블루스크린(BSOD),"[0x0000003B] 웹 브라우징, 게임, 그래픽 작업 중 SYSTEM_SERVICE_EXCEPTION (0x0000003B) 블루스크린","GPU 드라이버 업데이트, 시스템 파일 무결성 검사 및 뱅킹 보안 모듈 충돌 검사"
Microsoft 공식 레퍼런스,2026-08-07,소프트웨어,블루스크린(BSOD),"[0x0000007E] 시스템 기동 시 SYSTEM_THREAD_EXCEPTION_NOT_HANDLED (0x0000007E) 블루스크린 반복","C드라이브 여유 공간 20GB 이상 확보 및 안전 모드에서 그래픽 드라이버 재설치"
Microsoft 공식 레퍼런스,2026-08-07,소프트웨어,블루스크린(BSOD),"[0x00000050] 부팅 또는 작업 중 PAGE_FAULT_IN_NONPAGED_AREA (0x00000050) 블루스크린 발생","RAM 모듈 탈착 세척 및 가상 메모리(페이징 파일) 크기 재설정"
Microsoft 공식 레퍼런스,2026-08-07,소프트웨어,블루스크린(BSOD),"[0x000000D1] 네트워크 통신 또는 USB 장치 연결 시 DRIVER_IRQL_NOT_LESS_OR_EQUAL (0x000000D1)","유선/무선 네트워크 어댑터 드라이버 클린 재설치 및 절전 모드 해제"
Microsoft 공식 레퍼런스,2026-08-07,소프트웨어,블루스크린(BSOD),"[0x00000116] 동영상 재생 또는 게임 플레이 중 화면이 멈췄다가 VIDEO_TDR_FAILURE (0x00000116) 블루스크린","1. DDU 클린 설치 2. GPU 클럭/전압 다운클럭 3. 레지스트리 TdrDelay 조정"
Microsoft 공식 레퍼런스,2026-08-07,소프트웨어,블루스크린(BSOD),"[0x00000133] 마우스 커서가 뚝뚝 끊기다가 시스템 정지 후 DPC_WATCHDOG_VIOLATION (0x00000133) BSOD","SATA/NVMe 스토리지 컨트롤러 드라이버 표준 AHCI로 교체 및 SSD 펌웨어 업데이트"
Microsoft 공식 레퍼런스,2026-08-07,소프트웨어,블루스크린(BSOD),"[0x00000139] 프로그램 실행 중 KERNEL_SECURITY_CHECK_FAILURE (0x00000139) 블루스크린 발생","오버클럭 해제, 메모리 무결성(Core Isolation) 옵션 확인 및 바이러스 정밀 검사"
Microsoft 공식 레퍼런스,2026-08-07,소프트웨어,블루스크린(BSOD),"[0x000000EF] 시스템이 급작스럽게 프리징된 후 CRITICAL_PROCESS_DIED (0x000000EF) 블루스크린 표출","SFC/DISM 무결성 복구 및 최근 설치된 의심스러운 시스템 패치 롤백"
Microsoft 공식 레퍼런스,2026-08-07,소프트웨어,블루스크린(BSOD),"[0x00000154] SSD 가동 중 디스크 100% 점유율 유지되다가 UNEXPECTED_STORE_EXCEPTION (0x00000154) 발생","SSD 케이블/M.2 슬롯 접촉 상태 점검, CrystalDiskInfo 건강 상태 진단 및 전원 관리 옵션 변경"
Microsoft 공식 레퍼런스,2026-08-07,소프트웨어,블루스크린(BSOD),"[0x0000007B] Windows 로딩 서클 회전 중 INACCESSIBLE_BOOT_DEVICE (0x0000007B) 블루스크린 발생하며 무한 재부팅","BIOS 진입하여 SATA 모드(AHCI/RAID) 원복 및 BCD 부팅 구성 데이터 재구축"
Microsoft 공식 레퍼런스,2026-08-07,소프트웨어,블루스크린(BSOD),"[0x00000124] 작업 중 사운드가 드르륵 걸리며 WHEA_UNCORRECTABLE_ERROR (0x00000124) 하드웨어 오류 BSOD","1. CPU 언더볼팅/오버클럭 해제 2. CPU 서멀구리스 재도포 3. 파워서플라이 전압 출력 점검"
Microsoft 공식 레퍼런스,2026-08-07,소프트웨어,블루스크린(BSOD),"[0x00000074] 부팅 과정에서 BAD_SYSTEM_CONFIG_INFO (0x00000074) 블루스크린 표출","WinRE 명령 프롬프트에서 레지스트리 백업 복원 또는 시스템 복원 지점 적용"
PC 하드웨어 표준 진단 규격,2026-08-07,하드웨어,BIOS,"전원 켜짐 후 비프음 단음 6회 울리며 화면 출력 불가","1. 외부 키보드 및 USB 허브 전체 탈착 후 부팅 2. CMOS 클리어 점퍼 리셋"
PC 하드웨어 표준 진단 규격,2026-08-07,하드웨어,BIOS,"PC 전원 인가 시 비프음 7회 출력되며 부팅 중단","CPU 탈거 후 소켓 핀 검사 및 다른 정상 CPU로 교차 검증"
PC 하드웨어 표준 진단 규격,2026-08-07,하드웨어,BIOS,"비프음 9회 울리며 부팅 화면 진입 불가","BIOS Flashback 기능을 이용한 바이오스 강제 재플래싱 복구"
PC 하드웨어 표준 진단 규격,2026-08-07,하드웨어,노트북,"Dell 노트북 전원 버튼 LED가 주황색 2회, 흰색 7회 반복 점멸하며 화면 블랙","eDP 케이블 재장착 및 Dell BIST(자체 화면 테스트) 실행"
PC 하드웨어 표준 진단 규격,2026-08-07,하드웨어,데스크탑,"Dell 전원 LED 주황 3회, 흰색 3회 점멸하며 복구 이미지 없음 오류","USB 드라이브에 BIOS 복구 파일 생성 후 강제 복구(Ctrl + Esc)"
PC 하드웨어 표준 진단 규격,2026-08-07,하드웨어,데스크탑,"HP PC 전원 인가 시 Caps Lock/전원 LED가 3회 긴 점멸, 3회 짧은 점멸 반복","외장 그래픽카드 PCIe 슬롯 재결착 및 보조 전원 점검"
PC 하드웨어 표준 진단 규격,2026-08-07,하드웨어,메모리,"2개 RAM 장착 시 싱글 채널로만 동작하거나 부팅 시 무한 재부팅(메모리 트레이닝 실패)","CPU 소켓으로부터 2번째(A2), 4번째(B2) 슬롯에 우선 장착"
PC 하드웨어 표준 진단 규격,2026-08-07,하드웨어,전원/파워,"낙뢰, 정전, 또는 절전 모드 복귀 후 전원 버튼을 눌러도 팬조차 돌지 않고 전원 무반응","전원 플러그 완전 분리 후 전원 버튼 30초 지속 압박 방전 조치"
PC 하드웨어 표준 진단 규격,2026-08-07,하드웨어,저장장치,"CrystalDiskInfo에서 C7 울트라 DMA CRC 오류 횟수 증가 및 시스템 간헐적 멈춤","SATA 데이터 케이블 신품 교체 및 메인보드 포트 변경"
KISA 보호나라 표준 가이드,2026-08-07,네트워크,네트워크 보안,"공공 Wi-Fi 또는 사내 무선망 패킷 스니핑 및 비인가 무선 침입 위협","공유기 무선 보안 모드를 WPA2-PSK(AES) 또는 WPA3-SAE로 전환"
KISA 보호나라 표준 가이드,2026-08-07,네트워크,보안/복구,"PC 부팅 후 유휴 상태에서도 CPU/GPU 점유율이 90~100% 지속되며 쿨러 굉음 발생","1. 리소스 모니터로 프로세스 이미지 경로 확인 2. 자동 실행(Autoruns) 레지스트리 정리"
KISA 보호나라 표준 가이드,2026-08-07,네트워크,네트워크,"정상 도메인 주소를 입력했음에도 피싱 사이트나 잘못된 IP로 연결되는 현상","1. ipconfig /flushdns 실행 2. C:\Windows\System32\drivers\etc\hosts 파일 무결성 복원"
SSD 트러블슈팅 가이드,2026-08-07,하드웨어,저장장치,"부팅 장치 인식 불가(Boot Device Not Found), 0x0000001A MEMORY_MANAGEMENT 블루스크린 반복 및 무한 재부팅 루프","1. 시스템 하판 탈거 후 메인보드/SSD 골드 핑 이물질 클리닝 및 재안착(Reseat) 2. 인식 불가 시 SSD 물리 교체 및 표준 OS 마스터 이미지 포맷 적용"
SSD 트러블슈팅 가이드,2026-08-07,하드웨어,백업,"PC 자산 교체 중 크로스케이블 백업 전송 중 네트워크 끊김으로 전송 강제 중단 및 원본 저장 영역 폴더 소실","1. 물리 섹터 덮어쓰기(Overwrite) 방지를 위해 파티션 추가 쓰기/지우기 작업 전면 금지 2. 디스크 안전 탈거 후 전산관리자 공식 반출 승인 상신 3. 전문 복구 업체 이관"
SSD 트러블슈팅 가이드,2026-08-07,하드웨어,저장장치,"유휴 상태(Idle)임에도 디스크 Active Time 점유율 100% 지속, 마우스 포인터 멈춤 및 OS 전반 응답 불능","1. 칩셋 및 저장장치 드라이버 최신화 및 OS 재설치 2. 동일 증상 재발 시 초기 물리 배드섹터 결함 확정 후 신품 SSD 대체 장착"
SSD 트러블슈팅 가이드,2026-08-07,하드웨어,저장장치,"C드라이브 가용 용량 포화로 인한 Windows 업데이트 거부, 시스템 부팅 프리징 및 속도 저하","1. 디스크 관리 도구에서 D드라이브 유휴 볼륨 축소 후 C드라이브 시스템 파티션 영역 동적 강제 병합 확장(볼륨 재조정) 2. 대용량 소명 시 부서 자체 예산 SSD 증설"
하드웨어 트러블슈팅 가이드,2026-08-07,하드웨어,RAM,"전원 인가 후 메인보드 비프음 경고(3~4회) 및 화면 무반응, MEMORY_MANAGEMENT (0x0000001A) 블루스크린 발생","1. 잔류 전류 방전 후 RAM 적출 2. 금색 접촉 단자(Gold contact) 지우개 및 알코올 세척 3. 슬롯 교차 재장착 4. mdsched.exe 메모리 진단"
하드웨어 트러블슈팅 가이드,2026-08-07,하드웨어,그래픽카드,"화면 줄 가기, 분홍/초록 격자 무늬 노이즈(Artifacting), 블랙아웃, 팬 폭주, VIDEO_TDR_FAILURE 발생","1. 안전 모드 진입 2. DDU(Display Driver Uninstaller) 툴 이용 기존 드라이버 완전 삭제 3. WHQL 최신 공식 드라이버 클린 설치 4. 8핀 보조전원 체결 실사"
하드웨어 트러블슈팅 가이드,2026-08-07,네트워크,IP/DNS,"지구본 아이콘 활성화, 고정 IP 입력 시에도 '식별되지 않은 네트워크' 오류 및 잦은 패킷 유실","1. netsh winsock reset 및 IP 초기화 2. 파손된 RJ-45 커넥터 전용 툴 재가공 3. WIPS 및 EPP 차단 여부 검증"
하드웨어 트러블슈팅 가이드,2026-08-07,네트워크,WIPS/무선,"가용 와이파이 AP 목록 완전 유실, 보안 솔루션 보안 솔루션의 무선랜 어댑터 강제 차단 현상","1. 보안 솔루션 오탐 해제 및 망연계 시스템 연동 재설치 2. 무선 드라이버 속성 '전원 절약을 위해 컴퓨터가 이 장치를 끌 수 있음' 체크 해제"
하드웨어 트러블슈팅 가이드,2026-08-07,하드웨어,기타,"소리 아이콘에 '출력 장치 설치 안 됨' 경고 표출, Teams/Zoom 화상 회의 마이크 음성 미인식","1. mmsys.cpl 실행 후 기본 재생/녹음 장치 지정 2. Realtek/인텔 SST 사운드 드라이버 롤백 3. 윈도우 마이크 개인정보 접근 허용"
하드웨어 트러블슈팅 가이드,2026-08-07,하드웨어,노트북,"노트북 터치패드 포인터 멈춤, 클릭 불가능, 하판 및 터치패드 주변이 들뜨고 부풀어 오르는 현상","1. Fn + 터치패드 락 단축키 상태 확인 2. 배터리 팽창(Swelling) 식별 시 하판 분해 및 가스 배터리 물리적 안전 탈거 3. 렌탈사 교체 접수"
하드웨어 트러블슈팅 가이드,2026-08-07,하드웨어,모니터,"모니터 백라이트 손상으로 화면이 희미하게 어둡게 나옴, 34인치 울트라와이드 권장 해상도 미지원","1. 외장 그래픽 드라이버 최신화 및 재생 빈도 수동 변경 2. 백라이트 패널 고장 단말 식별 시 SSD 하드 탈거 후 모니터/노트북 교체"
Windows 11 기술 가이드,2026-08-07,소프트웨어,OS,"윈도우 11 최신 누적 보안 패치가 메모리 리소스 할당 테이블과 손상 마찰을 일으키며 0x0000001A 블루스크린 무한 발생","1. 중요 소스 및 작업 데이터 안전 백업 진행 2. 최근 누적 업데이트 수동 제거 또는 정합 OS 마스터 이미지를 활용한 클린 재설치 적용"
Windows 11 기술 가이드,2026-08-07,소프트웨어,OS,"윈도우 업데이트 진행 중 56% 구간에서 진행이 정지되며 시스템 무한 재부팅 루프 발생","1. BIOS 진입 후 Secure Boot 정책 Disabled 변경 2. 안전모드 진입 3. SoftwareDistribution 캐시 초기화 (net stop wuauserv)"
Windows 11 기술 가이드,2026-08-07,소프트웨어,기본 프로그램,"외부 금융/행정 사이트 접속 후 기본 캡처도구(Snipping Tool) 및 그림판 실행 시 아무 오류창 없이 즉시 강제 종료","1. 제어판 > 프로그램 및 기능 진입 2. 상주 중인 nProtect Online Security 및 TouchENKey 프로세스 수동 종료 및 삭제 3. 캡처도구 재실행"
Windows 11 기술 가이드,2026-08-07,네트워크,WIPS/무선,"블루투스 무선 키보드/마우스 신호가 주기적으로 완전 유실되거나 연결 끊김","1. 블루투스 직연결 대신 로지텍 유니파잉 수신기(동글 USB) 우회 연결 2. 전산관리자에 보안 솔루션 무선 예외 인가 상신"
Windows 11 기술 가이드,2026-08-07,소프트웨어,기타,"신규 지급된 LG 그램 노트북에서 웹 브라우저, 사내 메신저 메일 등 파일 첨부 기능 클릭 시 무한 먹통/프리징","1. 제어판 > 프로그램 및 기능 진입 2. OEM 번들 프로그램 LG Smart Assistant 수동 완전 삭제 3. PC 재부팅 후 보안 솔루션 정책 재동기화"
Microsoft 공식 레퍼런스,2026-08-07,소프트웨어,OS,"Windows 11 Stop Code 블루스크린 오류: APC_INDEX_MISMATCH (0x00000001) - APC(Asynchronous Procedure Call) 인덱스 불일치 오류. 커널 모드 드라이버가 APC 비활성화/활성화 수를 맞추지 못할 때 발생.","1. Shift+다시시작으로 안전모드 진입 2. 장치관리자 드라이버 롤백/제거 3. dism /restorehealth 및 sfc /scannow 4. 복구 불가능 시 OS 클린 재설치"
Microsoft 공식 레퍼런스,2026-08-07,소프트웨어,OS,"Windows 11 Stop Code 블루스크린 오류: DEVICE_QUEUE_NOT_BUSY (0x00000002) - 디바이스 큐 비활성화 오류. 디바이스 큐가 사용 중이지 않은 상태에서 큐 조작 시도.","1. Shift+다시시작으로 안전모드 진입 2. 장치관리자 드라이버 롤백/제거 3. dism /restorehealth 및 sfc /scannow 4. 복구 불가능 시 OS 클린 재설치"
Microsoft 공식 레퍼런스,2026-08-07,소프트웨어,OS,"Windows 11 Stop Code 블루스크린 오류: EVT_INVALID_HANDLE (0x00000003) - 유효하지 않은 이벤트 핸들 참조. 커널 핸들 테이블 파손.","1. Shift+다시시작으로 안전모드 진입 2. 장치관리자 드라이버 롤백/제거 3. dism /restorehealth 및 sfc /scannow 4. 복구 불가능 시 OS 클린 재설치"
Microsoft 공식 레퍼런스,2026-08-07,소프트웨어,OS,"Windows 11 Stop Code 블루스크린 오류: INVALID_DATA_ACCESS_TRAP (0x00000004) - 무효 데이터 접근 트랩. CPU 트랩 핸들러가 승인되지 않은 메모리 데이터 읽기 탐지.","1. Shift+다시시작으로 안전모드 진입 2. 장치관리자 드라이버 롤백/제거 3. dism /restorehealth 및 sfc /scannow 4. 복구 불가능 시 OS 클린 재설치"
Microsoft 공식 레퍼런스,2026-08-07,소프트웨어,OS,"Windows 11 Stop Code 블루스크린 오류: INVALID_PROCESSOR_STATE (0x00000005) - 유효하지 않은 프로세서 상태. CPU 컨텍스트 전환 중 레지스터 상태 이상.","1. Shift+다시시작으로 안전모드 진입 2. 장치관리자 드라이버 롤백/제거 3. dism /restorehealth 및 sfc /scannow 4. 복구 불가능 시 OS 클린 재설치"
Microsoft 공식 레퍼런스,2026-08-07,소프트웨어,OS,"Windows 11 Stop Code 블루스크린 오류: INVALID_PROCESSOR_CONTEXT (0x00000006) - 유효하지 않은 프로세서 컨텍스트. 멀티코어 전원 관리 동기화 파손.","1. Shift+다시시작으로 안전모드 진입 2. 장치관리자 드라이버 롤백/제거 3. dism /restorehealth 및 sfc /scannow 4. 복구 불가능 시 OS 클린 재설치"
Microsoft 공식 레퍼런스,2026-08-07,소프트웨어,OS,"Windows 11 Stop Code 블루스크린 오류: IRQL_NOT_GREATER_OR_EQUAL (0x00000009) - IRQL 인터럽트 요청 레벨 미달 오류. 드라이버가 지정된 레벨 이상을 요구했으나 미달.","1. Shift+다시시작으로 안전모드 진입 2. 장치관리자 드라이버 롤백/제거 3. dism /restorehealth 및 sfc /scannow 4. 복구 불가능 시 OS 클린 재설치"
Microsoft 공식 레퍼런스,2026-08-07,소프트웨어,OS,"Windows 11 Stop Code 블루스크린 오류: NO_EXCEPTION_HANDLING_FUNCTION (0x0000000B) - 예외 처리 함수 누락. 커널 스레드 예외 핸들러 미등록.","1. Shift+다시시작으로 안전모드 진입 2. 장치관리자 드라이버 롤백/제거 3. dism /restorehealth 및 sfc /scannow 4. 복구 불가능 시 OS 클린 재설치"
Microsoft 공식 레퍼런스,2026-08-07,소프트웨어,OS,"Windows 11 Stop Code 블루스크린 오류: MAXIMUM_WAIT_OBJECTS_EXCEEDED (0x0000000C) - 최대 대기 개체 수 초과. KeWaitForMultipleObjects 호출 시 제한(64개) 초과.","1. Shift+다시시작으로 안전모드 진입 2. 장치관리자 드라이버 롤백/제거 3. dism /restorehealth 및 sfc /scannow 4. 복구 불가능 시 OS 클린 재설치"
Microsoft 공식 레퍼런스,2026-08-07,소프트웨어,OS,"Windows 11 Stop Code 블루스크린 오류: MUTEX_LEVEL_NUMBER_MISMATCH (0x0000000D) - 뮤텍스 레벨 번호 불일치. 데드락 방지 뮤텍스 순서 위반.","1. Shift+다시시작으로 안전모드 진입 2. 장치관리자 드라이버 롤백/제거 3. dism /restorehealth 및 sfc /scannow 4. 복구 불가능 시 OS 클린 재설치"
Microsoft 공식 레퍼런스,2026-08-07,소프트웨어,OS,"Windows 11 Stop Code 블루스크린 오류: NO_USER_GEB_OBJECT (0x0000000E) - 사용자 GEB 개체 없음. 시스템 그래픽 서브시스템 렌더링 파손.","1. Shift+다시시작으로 안전모드 진입 2. 장치관리자 드라이버 롤백/제거 3. dism /restorehealth 및 sfc /scannow 4. 복구 불가능 시 OS 클린 재설치"
Microsoft 공식 레퍼런스,2026-08-07,소프트웨어,OS,"Windows 11 Stop Code 블루스크린 오류: SPIN_LOCK_ALREADY_OWNED (0x0000000F) - 스핀락 이미 소유됨. 동기화 스핀락 수동 재취득 시도 에러.","1. Shift+다시시작으로 안전모드 진입 2. 장치관리자 드라이버 롤백/제거 3. dism /restorehealth 및 sfc /scannow 4. 복구 불가능 시 OS 클린 재설치"
Microsoft 공식 레퍼런스,2026-08-07,소프트웨어,OS,"Windows 11 Stop Code 블루스크린 오류: SPIN_LOCK_NOT_OWNED (0x00000010) - 스핀락 미소유 해제 시도. 소유하지 않은 스핀락 해제 요청.","1. Shift+다시시작으로 안전모드 진입 2. 장치관리자 드라이버 롤백/제거 3. dism /restorehealth 및 sfc /scannow 4. 복구 불가능 시 OS 클린 재설치"
Microsoft 공식 레퍼런스,2026-08-07,소프트웨어,OS,"Windows 11 Stop Code 블루스크린 오류: THREAD_NOT_MUTEX_OWNER (0x00000011) - 스레드가 뮤텍스 소유자가 않음. 소유하지 않은 뮤텍스 해제.","1. Shift+다시시작으로 안전모드 진입 2. 장치관리자 드라이버 롤백/제거 3. dism /restorehealth 및 sfc /scannow 4. 복구 불가능 시 OS 클린 재설치"
Microsoft 공식 레퍼런스,2026-08-07,소프트웨어,OS,"Windows 11 Stop Code 블루스크린 오류: TRAP_CAUSE_UNKNOWN (0x00000012) - 원인 불명의 알 수 없는 CPU 트랩 발생.","1. Shift+다시시작으로 안전모드 진입 2. 장치관리자 드라이버 롤백/제거 3. dism /restorehealth 및 sfc /scannow 4. 복구 불가능 시 OS 클린 재설치"
Microsoft 공식 레퍼런스,2026-08-07,소프트웨어,OS,"Windows 11 Stop Code 블루스크린 오류: EMPTY_THREAD_REAPER_LIST (0x00000013) - 비어있는 스레드 리퍼 리스트. 종료 스레드 수거 큐 이상.","1. Shift+다시시작으로 안전모드 진입 2. 장치관리자 드라이버 롤백/제거 3. dism /restorehealth 및 sfc /scannow 4. 복구 불가능 시 OS 클린 재설치"
Microsoft 공식 레퍼런스,2026-08-07,소프트웨어,OS,"Windows 11 Stop Code 블루스크린 오류: CREATE_DELETE_LOCK_NOT_LOCKED (0x00000014) - 생성/삭제 잠금 미잠금. 동기화 락 상태 불일치.","1. Shift+다시시작으로 안전모드 진입 2. 장치관리자 드라이버 롤백/제거 3. dism /restorehealth 및 sfc /scannow 4. 복구 불가능 시 OS 클린 재설치"
Microsoft 공식 레퍼런스,2026-08-07,소프트웨어,OS,"Windows 11 Stop Code 블루스크린 오류: LAST_CHANCE_CALLED_FROM_KMODE (0x00000015) - 커널 모드 라스트 찬스 예외 발생. Unhandled exception 커널 정지.","1. Shift+다시시작으로 안전모드 진입 2. 장치관리자 드라이버 롤백/제거 3. dism /restorehealth 및 sfc /scannow 4. 복구 불가능 시 OS 클린 재설치"
Microsoft 공식 레퍼런스,2026-08-07,소프트웨어,OS,"Windows 11 Stop Code 블루스크린 오류: CID_HANDLE_CREATION (0x00000016) - CID 핸들 생성 실패. 프로세스/스레드 ID 핸들 테이블 만동.","1. Shift+다시시작으로 안전모드 진입 2. 장치관리자 드라이버 롤백/제거 3. dism /restorehealth 및 sfc /scannow 4. 복구 불가능 시 OS 클린 재설치"
Microsoft 공식 레퍼런스,2026-08-07,소프트웨어,OS,"Windows 11 Stop Code 블루스크린 오류: CID_HANDLE_DELETION (0x00000017) - CID 핸들 삭제 중 구조적 오류.","1. Shift+다시시작으로 안전모드 진입 2. 장치관리자 드라이버 롤백/제거 3. dism /restorehealth 및 sfc /scannow 4. 복구 불가능 시 OS 클린 재설치"
Microsoft 공식 레퍼런스,2026-08-07,소프트웨어,OS,"Windows 11 Stop Code 블루스크린 오류: REFERENCE_BY_POINTER (0x00000018) - 포인터 참조 카운트 파손. 디바이스 개체 참조 수 0 미만 소구.","1. Shift+다시시작으로 안전모드 진입 2. 장치관리자 드라이버 롤백/제거 3. dism /restorehealth 및 sfc /scannow 4. 복구 불가능 시 OS 클린 재설치"
Microsoft 공식 레퍼런스,2026-08-07,소프트웨어,OS,"Windows 11 Stop Code 블루스크린 오류: BAD_POOL_HEADER (0x00000019) - 커널 메모리 풀 헤더 파손. 메모리 할당 블록 덮어쓰기 파손.","1. Shift+다시시작으로 안전모드 진입 2. 장치관리자 드라이버 롤백/제거 3. dism /restorehealth 및 sfc /scannow 4. 복구 불가능 시 OS 클린 재설치"
Microsoft 공식 레퍼런스,2026-08-07,소프트웨어,OS,"Windows 11 Stop Code 블루스크린 오류: MEMORY_MANAGEMENT (0x0000001A) - 가상/물리 메모리(RAM) 관리 시스템 결함. RAM 손상 및 누적 패치 충돌.","1. Shift+다시시작으로 안전모드 진입 2. 장치관리자 드라이버 롤백/제거 3. dism /restorehealth 및 sfc /scannow 4. 복구 불가능 시 OS 클린 재설치"
Microsoft 공식 레퍼런스,2026-08-07,소프트웨어,OS,"Windows 11 Stop Code 블루스크린 오류: PFN_SHARE_COUNT_TOOMANY (0x0000001B) - PFN(Page Frame Number) 공유 카운트 초과.","1. Shift+다시시작으로 안전모드 진입 2. 장치관리자 드라이버 롤백/제거 3. dism /restorehealth 및 sfc /scannow 4. 복구 불가능 시 OS 클린 재설치"
Microsoft 공식 레퍼런스,2026-08-07,소프트웨어,OS,"Windows 11 Stop Code 블루스크린 오류: PFN_REFERENCE_COUNT_TOOMANY (0x0000001C) - PFN 참조 카운트 임계치 초과.","1. Shift+다시시작으로 안전모드 진입 2. 장치관리자 드라이버 롤백/제거 3. dism /restorehealth 및 sfc /scannow 4. 복구 불가능 시 OS 클린 재설치"
Microsoft 공식 레퍼런스,2026-08-07,소프트웨어,OS,"Windows 11 Stop Code 블루스크린 오류: NO_SPIN_LOCK_AVAILABLE (0x0000001D) - 가용 스핀락 없음. 동기화 자원 고갈.","1. Shift+다시시작으로 안전모드 진입 2. 장치관리자 드라이버 롤백/제거 3. dism /restorehealth 및 sfc /scannow 4. 복구 불가능 시 OS 클린 재설치"
Microsoft 공식 레퍼런스,2026-08-07,소프트웨어,OS,"Windows 11 Stop Code 블루스크린 오류: SHARED_RESOURCE_CONV_ERROR (0x0000001F) - 공유 자원 전환 오류.","1. Shift+다시시작으로 안전모드 진입 2. 장치관리자 드라이버 롤백/제거 3. dism /restorehealth 및 sfc /scannow 4. 복구 불가능 시 OS 클린 재설치"
Microsoft 공식 레퍼런스,2026-08-07,소프트웨어,OS,"Windows 11 Stop Code 블루스크린 오류: KERNEL_APC_PENDING_DURING_EXIT (0x00000020) - 스레드 종료 중 KERNEL APC 대기 상태 잔존.","1. Shift+다시시작으로 안전모드 진입 2. 장치관리자 드라이버 롤백/제거 3. dism /restorehealth 및 sfc /scannow 4. 복구 불가능 시 OS 클린 재설치"
Microsoft 공식 레퍼런스,2026-08-07,소프트웨어,OS,"Windows 11 Stop Code 블루스크린 오류: QUOTA_UNDERFLOW (0x00000021) - 커널 메모리 쿼터 언더플로우. 수거 쿼터 계산 오류.","1. Shift+다시시작으로 안전모드 진입 2. 장치관리자 드라이버 롤백/제거 3. dism /restorehealth 및 sfc /scannow 4. 복구 불가능 시 OS 클린 재설치"
Microsoft 공식 레퍼런스,2026-08-07,소프트웨어,OS,"Windows 11 Stop Code 블루스크린 오류: FILE_SYSTEM (0x00000022) - 파일 시스템 일반 커널 에러. NTFS/FAT 파일 체계 파손.","1. Shift+다시시작으로 안전모드 진입 2. 장치관리자 드라이버 롤백/제거 3. dism /restorehealth 및 sfc /scannow 4. 복구 불가능 시 OS 클린 재설치"
Microsoft 공식 레퍼런스,2026-08-07,소프트웨어,OS,"Windows 11 Stop Code 블루스크린 오류: FAT_FILE_SYSTEM (0x00000023) - FAT/FAT32 드라이버 내부 처리 실패.","1. Shift+다시시작으로 안전모드 진입 2. 장치관리자 드라이버 롤백/제거 3. dism /restorehealth 및 sfc /scannow 4. 복구 불가능 시 OS 클린 재설치"
Microsoft 공식 레퍼런스,2026-08-07,소프트웨어,OS,"Windows 11 Stop Code 블루스크린 오류: NTFS_FILE_SYSTEM (0x00000024) - NTFS 드라이버 커널 읽기/쓰기 실패. 디스크 배드섹터 유발.","1. Shift+다시시작으로 안전모드 진입 2. 장치관리자 드라이버 롤백/제거 3. dism /restorehealth 및 sfc /scannow 4. 복구 불가능 시 OS 클린 재설치"
Microsoft 공식 레퍼런스,2026-08-07,소프트웨어,OS,"Windows 11 Stop Code 블루스크린 오류: NPFS_FILE_SYSTEM (0x00000025) - NPFS(Named Pipe File System) 입출력 커널 통신 파손.","1. Shift+다시시작으로 안전모드 진입 2. 장치관리자 드라이버 롤백/제거 3. dism /restorehealth 및 sfc /scannow 4. 복구 불가능 시 OS 클린 재설치"
Microsoft 공식 레퍼런스,2026-08-07,소프트웨어,OS,"Windows 11 Stop Code 블루스크린 오류: CDFS_FILE_SYSTEM (0x00000026) - CDFS(CD-ROM File System) 파일 렌더링 실패.","1. Shift+다시시작으로 안전모드 진입 2. 장치관리자 드라이버 롤백/제거 3. dism /restorehealth 및 sfc /scannow 4. 복구 불가능 시 OS 클린 재설치"
Microsoft 공식 레퍼런스,2026-08-07,소프트웨어,OS,"Windows 11 Stop Code 블루스크린 오류: RDR_FILE_SYSTEM (0x00000027) - 네트워크 리다이렉터(RDR) 파일 시스템 커널 에러.","1. Shift+다시시작으로 안전모드 진입 2. 장치관리자 드라이버 롤백/제거 3. dism /restorehealth 및 sfc /scannow 4. 복구 불가능 시 OS 클린 재설치"
Microsoft 공식 레퍼런스,2026-08-07,소프트웨어,OS,"Windows 11 Stop Code 블루스크린 오류: CORRUPT_WITH_AUTOCHK (0x00000028) - 부팅 autochk 실행 중 무결성 파손.","1. Shift+다시시작으로 안전모드 진입 2. 장치관리자 드라이버 롤백/제거 3. dism /restorehealth 및 sfc /scannow 4. 복구 불가능 시 OS 클린 재설치"
Microsoft 공식 레퍼런스,2026-08-07,소프트웨어,OS,"Windows 11 Stop Code 블루스크린 오류: KERNEL_AUTO_BOOST_INVALID_LOCK (0x00000029) - 커널 오토 부스트 잠금 무효. 락 오너십 파손.","1. Shift+다시시작으로 안전모드 진입 2. 장치관리자 드라이버 롤백/제거 3. dism /restorehealth 및 sfc /scannow 4. 복구 불가능 시 OS 클린 재설치"
Microsoft 공식 레퍼런스,2026-08-07,소프트웨어,OS,"Windows 11 Stop Code 블루스크린 오류: KERNEL_AUTO_BOOST_LOCK_ACQUISITION_WITH_RAISED_IRQL (0x0000002A) - 상승된 IRQL에서 오토 부스트 락 취득 시도.","1. Shift+다시시작으로 안전모드 진입 2. 장치관리자 드라이버 롤백/제거 3. dism /restorehealth 및 sfc /scannow 4. 복구 불가능 시 OS 클린 재설치"
Microsoft 공식 레퍼런스,2026-08-07,소프트웨어,OS,"Windows 11 Stop Code 블루스크린 오류: PANIC_STACK_SWITCH (0x0000002B) - 커널 스택 전환 실패 패닉.","1. Shift+다시시작으로 안전모드 진입 2. 장치관리자 드라이버 롤백/제거 3. dism /restorehealth 및 sfc /scannow 4. 복구 불가능 시 OS 클린 재설치"
Microsoft 공식 레퍼런스,2026-08-07,소프트웨어,OS,"Windows 11 Stop Code 블루스크린 오류: KMODE_EXCEPTION_NOT_HANDLED_M (0x0000002C) - 커널 모드 미처리 예외 (섀도 덤프).","1. Shift+다시시작으로 안전모드 진입 2. 장치관리자 드라이버 롤백/제거 3. dism /restorehealth 및 sfc /scannow 4. 복구 불가능 시 OS 클린 재설치"
Microsoft 공식 레퍼런스,2026-08-07,소프트웨어,OS,"Windows 11 Stop Code 블루스크린 오류: KERNEL_EXPANSION_STACK_OVERFLOW (0x0000002D) - 커널 확장 스택 오버플로우. 무한 재귀 함수 호출.","1. Shift+다시시작으로 안전모드 진입 2. 장치관리자 드라이버 롤백/제거 3. dism /restorehealth 및 sfc /scannow 4. 복구 불가능 시 OS 클린 재설치"
Microsoft 공식 레퍼런스,2026-08-07,하드웨어,하드웨어,"Windows 11 Stop Code 블루스크린 오류: DATA_BUS_ERROR (0x0000002E) - RAM/메인보드 데이터 버스 패리티 오류.","1. RAM/CPU 슬롯 청소 및 물리 수리 2. BIOS 설정 초기화 (Load Default) 3. 파워서플라이 및 하드웨어 점검/교체"
Microsoft 공식 레퍼런스,2026-08-07,소프트웨어,OS,"Windows 11 Stop Code 블루스크린 오류: INSTRUCTION_BUS_ERROR (0x0000002F) - CPU 명령어 버스 파수 실패.","1. Shift+다시시작으로 안전모드 진입 2. 장치관리자 드라이버 롤백/제거 3. dism /restorehealth 및 sfc /scannow 4. 복구 불가능 시 OS 클린 재설치"
Microsoft 공식 레퍼런스,2026-08-07,소프트웨어,OS,"Windows 11 Stop Code 블루스크린 오류: PHASE0_INITIALIZATION_FAILED (0x00000031) - Windows 커널 Phase 0 초기화 실패.","1. Shift+다시시작으로 안전모드 진입 2. 장치관리자 드라이버 롤백/제거 3. dism /restorehealth 및 sfc /scannow 4. 복구 불가능 시 OS 클린 재설치"
Microsoft 공식 레퍼런스,2026-08-07,소프트웨어,OS,"Windows 11 Stop Code 블루스크린 오류: PHASE1_INITIALIZATION_FAILED (0x00000032) - Windows 커널 Phase 1 초기화 실패.","1. Shift+다시시작으로 안전모드 진입 2. 장치관리자 드라이버 롤백/제거 3. dism /restorehealth 및 sfc /scannow 4. 복구 불가능 시 OS 클린 재설치"
Microsoft 공식 레퍼런스,2026-08-07,소프트웨어,OS,"Windows 11 Stop Code 블루스크린 오류: UNEXPECTED_INITIALIZATION_CALL (0x00000033) - 예기치 않은 초기화 호출.","1. Shift+다시시작으로 안전모드 진입 2. 장치관리자 드라이버 롤백/제거 3. dism /restorehealth 및 sfc /scannow 4. 복구 불가능 시 OS 클린 재설치"
Microsoft 공식 레퍼런스,2026-08-07,소프트웨어,OS,"Windows 11 Stop Code 블루스크린 오류: CACHE_MANAGER (0x00000034) - Windows 캐시 관리자 커널 파손.","1. Shift+다시시작으로 안전모드 진입 2. 장치관리자 드라이버 롤백/제거 3. dism /restorehealth 및 sfc /scannow 4. 복구 불가능 시 OS 클린 재설치"
Microsoft 공식 레퍼런스,2026-08-07,소프트웨어,OS,"Windows 11 Stop Code 블루스크린 오류: NO_MORE_IRP_STACK_LOCATIONS (0x00000035) - IRP 드라이버 스택 위치 고갈.","1. Shift+다시시작으로 안전모드 진입 2. 장치관리자 드라이버 롤백/제거 3. dism /restorehealth 및 sfc /scannow 4. 복구 불가능 시 OS 클린 재설치"
Microsoft 공식 레퍼런스,2026-08-07,소프트웨어,OS,"Windows 11 Stop Code 블루스크린 오류: DEVICE_REFERENCE_COUNT_NOT_ZERO (0x00000036) - 디바이스 언로드 시 참조 카운트 0 아님.","1. Shift+다시시작으로 안전모드 진입 2. 장치관리자 드라이버 롤백/제거 3. dism /restorehealth 및 sfc /scannow 4. 복구 불가능 시 OS 클린 재설치"
Microsoft 공식 레퍼런스,2026-08-07,소프트웨어,OS,"Windows 11 Stop Code 블루스크린 오류: FLOPPY_INTERNAL_ERROR (0x00000037) - 플로피 디바이스 내부 커널 에러.","1. Shift+다시시작으로 안전모드 진입 2. 장치관리자 드라이버 롤백/제거 3. dism /restorehealth 및 sfc /scannow 4. 복구 불가능 시 OS 클린 재설치"
Microsoft 공식 레퍼런스,2026-08-07,소프트웨어,OS,"Windows 11 Stop Code 블루스크린 오류: SERIAL_DRIVER_INTERNAL (0x00000038) - 시리얼 포트 드라이버 내부 파손.","1. Shift+다시시작으로 안전모드 진입 2. 장치관리자 드라이버 롤백/제거 3. dism /restorehealth 및 sfc /scannow 4. 복구 불가능 시 OS 클린 재설치"
Microsoft 공식 레퍼런스,2026-08-07,소프트웨어,OS,"Windows 11 Stop Code 블루스크린 오류: SYSTEM_EXIT_OWNED_MUTEX (0x00000039) - 시스템 스레드 종료 시 소유 뮤텍스 미해제.","1. Shift+다시시작으로 안전모드 진입 2. 장치관리자 드라이버 롤백/제거 3. dism /restorehealth 및 sfc /scannow 4. 복구 불가능 시 OS 클린 재설치"
Microsoft 공식 레퍼런스,2026-08-07,소프트웨어,OS,"Windows 11 Stop Code 블루스크린 오류: SYSTEM_UNSCANED_FREE_POOL (0x0000003A) - 미검사 커널 프리 풀 해제 에러.","1. Shift+다시시작으로 안전모드 진입 2. 장치관리자 드라이버 롤백/제거 3. dism /restorehealth 및 sfc /scannow 4. 복구 불가능 시 OS 클린 재설치"
Microsoft 공식 레퍼런스,2026-08-07,소프트웨어,OS,"Windows 11 Stop Code 블루스크린 오류: INTERRUPT_UNWIND_ATTEMPTED (0x0000003C) - 인터럽트 언와인드 시도 파손.","1. Shift+다시시작으로 안전모드 진입 2. 장치관리자 드라이버 롤백/제거 3. dism /restorehealth 및 sfc /scannow 4. 복구 불가능 시 OS 클린 재설치"
Microsoft 공식 레퍼런스,2026-08-07,소프트웨어,OS,"Windows 11 Stop Code 블루스크린 오류: INTERRUPT_EXCEPTION_NOT_HANDLED (0x0000003D) - 인터럽트 처리기 예외 미처리.","1. Shift+다시시작으로 안전모드 진입 2. 장치관리자 드라이버 롤백/제거 3. dism /restorehealth 및 sfc /scannow 4. 복구 불가능 시 OS 클린 재설치"
Microsoft 공식 레퍼런스,2026-08-07,소프트웨어,OS,"Windows 11 Stop Code 블루스크린 오류: MULTIPROCESSOR_CONFIGURATION_NOT_SUPPORTED (0x0000003E) - 지원되지 않는 다중 프로세서 코어 설정.","1. Shift+다시시작으로 안전모드 진입 2. 장치관리자 드라이버 롤백/제거 3. dism /restorehealth 및 sfc /scannow 4. 복구 불가능 시 OS 클린 재설치"
Microsoft 공식 레퍼런스,2026-08-07,소프트웨어,OS,"Windows 11 Stop Code 블루스크린 오류: NO_MORE_SYSTEM_PTES (0x0000003F) - 시스템 PTE(Page Table Entry) 고갈. 메모리 공간 부족.","1. Shift+다시시작으로 안전모드 진입 2. 장치관리자 드라이버 롤백/제거 3. dism /restorehealth 및 sfc /scannow 4. 복구 불가능 시 OS 클린 재설치"
Microsoft 공식 레퍼런스,2026-08-07,소프트웨어,OS,"Windows 11 Stop Code 블루스크린 오류: TARGET_MDL_TOO_SMALL (0x00000040) - 타겟 MDL 메모리 설명자 크기 부족.","1. Shift+다시시작으로 안전모드 진입 2. 장치관리자 드라이버 롤백/제거 3. dism /restorehealth 및 sfc /scannow 4. 복구 불가능 시 OS 클린 재설치"
Microsoft 공식 레퍼런스,2026-08-07,소프트웨어,OS,"Windows 11 Stop Code 블루스크린 오류: MUST_SUCCEED_POOL_EMPTY (0x00000041) - Must Succeed 커널 풀 고갈.","1. Shift+다시시작으로 안전모드 진입 2. 장치관리자 드라이버 롤백/제거 3. dism /restorehealth 및 sfc /scannow 4. 복구 불가능 시 OS 클린 재설치"
Microsoft 공식 레퍼런스,2026-08-07,소프트웨어,OS,"Windows 11 Stop Code 블루스크린 오류: ATDISK_DRIVER_INTERNAL (0x00000042) - AT 디스크 드라이버 내부 파손.","1. Shift+다시시작으로 안전모드 진입 2. 장치관리자 드라이버 롤백/제거 3. dism /restorehealth 및 sfc /scannow 4. 복구 불가능 시 OS 클린 재설치"
Microsoft 공식 레퍼런스,2026-08-07,소프트웨어,OS,"Windows 11 Stop Code 블루스크린 오류: NO_SUCH_PARTITION (0x00000043) - 부팅 지정 파티션 찾을 수 없음.","1. Shift+다시시작으로 안전모드 진입 2. 장치관리자 드라이버 롤백/제거 3. dism /restorehealth 및 sfc /scannow 4. 복구 불가능 시 OS 클린 재설치"
Microsoft 공식 레퍼런스,2026-08-07,소프트웨어,OS,"Windows 11 Stop Code 블루스크린 오류: MULTIPLE_IRP_COMPLETE_REQUESTS (0x00000044) - 드라이버가 동일 IRP 요청을 중복 완료 시도.","1. Shift+다시시작으로 안전모드 진입 2. 장치관리자 드라이버 롤백/제거 3. dism /restorehealth 및 sfc /scannow 4. 복구 불가능 시 OS 클린 재설치"
Microsoft 공식 레퍼런스,2026-08-07,소프트웨어,OS,"Windows 11 Stop Code 블루스크린 오류: INSUFFICIENT_SYSTEM_MAP_RESOURCES (0x00000045) - 시스템 맵 리소스 부족.","1. Shift+다시시작으로 안전모드 진입 2. 장치관리자 드라이버 롤백/제거 3. dism /restorehealth 및 sfc /scannow 4. 복구 불가능 시 OS 클린 재설치"
Microsoft 공식 레퍼런스,2026-08-07,소프트웨어,OS,"Windows 11 Stop Code 블루스크린 오류: DEREFERENCE_BUS_INTERFACE (0x00000046) - 버스 인터페이스 역참조 실패.","1. Shift+다시시작으로 안전모드 진입 2. 장치관리자 드라이버 롤백/제거 3. dism /restorehealth 및 sfc /scannow 4. 복구 불가능 시 OS 클린 재설치"
Microsoft 공식 레퍼런스,2026-08-07,소프트웨어,OS,"Windows 11 Stop Code 블루스크린 오류: DEREFERENCE_EXTENDED_PROFILE (0x00000047) - 확장 프로필 역참조 실패.","1. Shift+다시시작으로 안전모드 진입 2. 장치관리자 드라이버 롤백/제거 3. dism /restorehealth 및 sfc /scannow 4. 복구 불가능 시 OS 클린 재설치"
Microsoft 공식 레퍼런스,2026-08-07,소프트웨어,OS,"Windows 11 Stop Code 블루스크린 오류: CANCEL_STATE_IN_COMPLETED_IRP (0x00000048) - 완료된 IRP 취소 상태 오류.","1. Shift+다시시작으로 안전모드 진입 2. 장치관리자 드라이버 롤백/제거 3. dism /restorehealth 및 sfc /scannow 4. 복구 불가능 시 OS 클린 재설치"
Microsoft 공식 레퍼런스,2026-08-07,소프트웨어,OS,"Windows 11 Stop Code 블루스크린 오류: PAGE_FAULT_WITH_INTERRUPTS_OFF (0x00000049) - 인터럽트 차단 상태에서 페이징 파실 발생.","1. Shift+다시시작으로 안전모드 진입 2. 장치관리자 드라이버 롤백/제거 3. dism /restorehealth 및 sfc /scannow 4. 복구 불가능 시 OS 클린 재설치"
Microsoft 공식 레퍼런스,2026-08-07,소프트웨어,OS,"Windows 11 Stop Code 블루스크린 오류: IRQL_GT_ZERO_AT_SYSTEM_SERVICE (0x0000004A) - 시스템 서비스 완료 시 IRQL 0 초과 상태.","1. Shift+다시시작으로 안전모드 진입 2. 장치관리자 드라이버 롤백/제거 3. dism /restorehealth 및 sfc /scannow 4. 복구 불가능 시 OS 클린 재설치"
Microsoft 공식 레퍼런스,2026-08-07,소프트웨어,OS,"Windows 11 Stop Code 블루스크린 오류: STREAMS_INTERNAL_ERROR (0x0000004B) - 스트림 내부 커널 에러.","1. Shift+다시시작으로 안전모드 진입 2. 장치관리자 드라이버 롤백/제거 3. dism /restorehealth 및 sfc /scannow 4. 복구 불가능 시 OS 클린 재설치"
Microsoft 공식 레퍼런스,2026-08-07,소프트웨어,OS,"Windows 11 Stop Code 블루스크린 오류: FATAL_UNHANDLED_HARD_ERROR (0x0000004C) - 치명적인 미처리 하드웨어 에러.","1. Shift+다시시작으로 안전모드 진입 2. 장치관리자 드라이버 롤백/제거 3. dism /restorehealth 및 sfc /scannow 4. 복구 불가능 시 OS 클린 재설치"
Microsoft 공식 레퍼런스,2026-08-07,소프트웨어,OS,"Windows 11 Stop Code 블루스크린 오류: NO_PAGES_AVAILABLE (0x0000004D) - 사용 가능 물리 메모리 페이지 고갈.","1. Shift+다시시작으로 안전모드 진입 2. 장치관리자 드라이버 롤백/제거 3. dism /restorehealth 및 sfc /scannow 4. 복구 불가능 시 OS 클린 재설치"
Microsoft 공식 레퍼런스,2026-08-07,소프트웨어,OS,"Windows 11 Stop Code 블루스크린 오류: PFN_LIST_CORRUPT (0x0000004E) - Page Frame Number 메모리 리스트 구조체 파손.","1. Shift+다시시작으로 안전모드 진입 2. 장치관리자 드라이버 롤백/제거 3. dism /restorehealth 및 sfc /scannow 4. 복구 불가능 시 OS 클린 재설치"
Microsoft 공식 레퍼런스,2026-08-07,소프트웨어,OS,"Windows 11 Stop Code 블루스크린 오류: NDIS_INTERNAL_ERROR (0x0000004F) - NDIS 네트워크 드라이버 인터페이스 내부 에러.","1. Shift+다시시작으로 안전모드 진입 2. 장치관리자 드라이버 롤백/제거 3. dism /restorehealth 및 sfc /scannow 4. 복구 불가능 시 OS 클린 재설치"
Microsoft 공식 레퍼런스,2026-08-07,소프트웨어,OS,"Windows 11 Stop Code 블루스크린 오류: REGISTRY_ERROR (0x00000051) - Windows 레지스트리 Hive 파일 시스템 커널 읽기/쓰기 실패.","1. Shift+다시시작으로 안전모드 진입 2. 장치관리자 드라이버 롤백/제거 3. dism /restorehealth 및 sfc /scannow 4. 복구 불가능 시 OS 클린 재설치"
Microsoft 공식 레퍼런스,2026-08-07,소프트웨어,OS,"Windows 11 Stop Code 블루스크린 오류: MAILSLOT_TECHNICAL_ERROR (0x00000052) - 메일슬롯 파일 시스템 커널 에러.","1. Shift+다시시작으로 안전모드 진입 2. 장치관리자 드라이버 롤백/제거 3. dism /restorehealth 및 sfc /scannow 4. 복구 불가능 시 OS 클린 재설치"
Microsoft 공식 레퍼런스,2026-08-07,소프트웨어,OS,"Windows 11 Stop Code 블루스크린 오류: FTDISK_INTERNAL_ERROR (0x00000058) - FTDisk 볼륨 드라이버 커널 결함.","1. Shift+다시시작으로 안전모드 진입 2. 장치관리자 드라이버 롤백/제거 3. dism /restorehealth 및 sfc /scannow 4. 복구 불가능 시 OS 클린 재설치"
Microsoft 공식 레퍼런스,2026-08-07,소프트웨어,OS,"Windows 11 Stop Code 블루스크린 오류: HAL_INITIALIZATION_FAILED (0x0000005C) - HAL(Hardware Abstraction Layer) 초기화 실패.","1. Shift+다시시작으로 안전모드 진입 2. 장치관리자 드라이버 롤백/제거 3. dism /restorehealth 및 sfc /scannow 4. 복구 불가능 시 OS 클린 재설치"
Microsoft 공식 레퍼런스,2026-08-07,소프트웨어,OS,"Windows 11 Stop Code 블루스크린 오류: UNSUPPORTED_PROCESSOR (0x0000005D) - Windows 11 미지원 명령 집합 프로세서.","1. Shift+다시시작으로 안전모드 진입 2. 장치관리자 드라이버 롤백/제거 3. dism /restorehealth 및 sfc /scannow 4. 복구 불가능 시 OS 클린 재설치"
Microsoft 공식 레퍼런스,2026-08-07,소프트웨어,OS,"Windows 11 Stop Code 블루스크린 오류: OBJECT_INITIALIZATION_FAILED (0x0000005E) - 커널 개체 초기화 실패.","1. Shift+다시시작으로 안전모드 진입 2. 장치관리자 드라이버 롤백/제거 3. dism /restorehealth 및 sfc /scannow 4. 복구 불가능 시 OS 클린 재설치"
Microsoft 공식 레퍼런스,2026-08-07,소프트웨어,OS,"Windows 11 Stop Code 블루스크린 오류: SECURITY_INITIALIZATION_FAILED (0x0000005F) - 커널 보안 시스템 초기화 실패.","1. Shift+다시시작으로 안전모드 진입 2. 장치관리자 드라이버 롤백/제거 3. dism /restorehealth 및 sfc /scannow 4. 복구 불가능 시 OS 클린 재설치"
Microsoft 공식 레퍼런스,2026-08-07,소프트웨어,OS,"Windows 11 Stop Code 블루스크린 오류: PROCESS_INITIALIZATION_FAILED (0x00000060) - 시스템 프로세스 초기화 실패.","1. Shift+다시시작으로 안전모드 진입 2. 장치관리자 드라이버 롤백/제거 3. dism /restorehealth 및 sfc /scannow 4. 복구 불가능 시 OS 클린 재설치"
Microsoft 공식 레퍼런스,2026-08-07,소프트웨어,OS,"Windows 11 Stop Code 블루스크린 오류: HAL1_INITIALIZATION_FAILED (0x00000061) - HAL Phase 1 초기화 실패.","1. Shift+다시시작으로 안전모드 진입 2. 장치관리자 드라이버 롤백/제거 3. dism /restorehealth 및 sfc /scannow 4. 복구 불가능 시 OS 클린 재설치"
Microsoft 공식 레퍼런스,2026-08-07,소프트웨어,OS,"Windows 11 Stop Code 블루스크린 오류: OBJECT1_INITIALIZATION_FAILED (0x00000062) - 커널 개체 Phase 1 초기화 실패.","1. Shift+다시시작으로 안전모드 진입 2. 장치관리자 드라이버 롤백/제거 3. dism /restorehealth 및 sfc /scannow 4. 복구 불가능 시 OS 클린 재설치"
Microsoft 공식 레퍼런스,2026-08-07,소프트웨어,OS,"Windows 11 Stop Code 블루스크린 오류: SECURITY1_INITIALIZATION_FAILED (0x00000063) - 보안 서브시스템 Phase 1 초기화 실패.","1. Shift+다시시작으로 안전모드 진입 2. 장치관리자 드라이버 롤백/제거 3. dism /restorehealth 및 sfc /scannow 4. 복구 불가능 시 OS 클린 재설치"
Microsoft 공식 레퍼런스,2026-08-07,소프트웨어,OS,"Windows 11 Stop Code 블루스크린 오류: SYMBOLIC_INITIALIZATION_FAILED (0x00000064) - 심볼릭 링크 초기화 실패.","1. Shift+다시시작으로 안전모드 진입 2. 장치관리자 드라이버 롤백/제거 3. dism /restorehealth 및 sfc /scannow 4. 복구 불가능 시 OS 클린 재설치"
Microsoft 공식 레퍼런스,2026-08-07,소프트웨어,OS,"Windows 11 Stop Code 블루스크린 오류: MEMORY1_INITIALIZATION_FAILED (0x00000065) - 메모리 관리자 Phase 1 초기화 실패.","1. Shift+다시시작으로 안전모드 진입 2. 장치관리자 드라이버 롤백/제거 3. dism /restorehealth 및 sfc /scannow 4. 복구 불가능 시 OS 클린 재설치"
Microsoft 공식 레퍼런스,2026-08-07,소프트웨어,OS,"Windows 11 Stop Code 블루스크린 오류: CONFIG_INITIALIZATION_FAILED (0x00000066) - 시스템 레지스트리 구성 초기화 실패.","1. Shift+다시시작으로 안전모드 진입 2. 장치관리자 드라이버 롤백/제거 3. dism /restorehealth 및 sfc /scannow 4. 복구 불가능 시 OS 클린 재설치"
Microsoft 공식 레퍼런스,2026-08-07,소프트웨어,OS,"Windows 11 Stop Code 블루스크린 오류: FILE1_INITIALIZATION_FAILED (0x00000067) - 파일 시스템 Phase 1 초기화 실패.","1. Shift+다시시작으로 안전모드 진입 2. 장치관리자 드라이버 롤백/제거 3. dism /restorehealth 및 sfc /scannow 4. 복구 불가능 시 OS 클린 재설치"
Microsoft 공식 레퍼런스,2026-08-07,소프트웨어,OS,"Windows 11 Stop Code 블루스크린 오류: IO1_INITIALIZATION_FAILED (0x00000068) - I/O 관리자 Phase 1 초기화 실패.","1. Shift+다시시작으로 안전모드 진입 2. 장치관리자 드라이버 롤백/제거 3. dism /restorehealth 및 sfc /scannow 4. 복구 불가능 시 OS 클린 재설치"
Microsoft 공식 레퍼런스,2026-08-07,소프트웨어,OS,"Windows 11 Stop Code 블루스크린 오류: PROCESS1_INITIALIZATION_FAILED (0x00000069) - 프로세스 관리자 Phase 1 초기화 실패.","1. Shift+다시시작으로 안전모드 진입 2. 장치관리자 드라이버 롤백/제거 3. dism /restorehealth 및 sfc /scannow 4. 복구 불가능 시 OS 클린 재설치"
Microsoft 공식 레퍼런스,2026-08-07,소프트웨어,OS,"Windows 11 Stop Code 블루스크린 오류: PROCESSOR_START_FAILED (0x0000006B) - 다중 코어 멀티프로세서 시작 실패.","1. Shift+다시시작으로 안전모드 진입 2. 장치관리자 드라이버 롤백/제거 3. dism /restorehealth 및 sfc /scannow 4. 복구 불가능 시 OS 클린 재설치"
Microsoft 공식 레퍼런스,2026-08-07,소프트웨어,OS,"Windows 11 Stop Code 블루스크린 오류: REFMON_INITIALIZATION_FAILED (0x0000006C) - 참조 모니터 초기화 실패.","1. Shift+다시시작으로 안전모드 진입 2. 장치관리자 드라이버 롤백/제거 3. dism /restorehealth 및 sfc /scannow 4. 복구 불가능 시 OS 클린 재설치"
Microsoft 공식 레퍼런스,2026-08-07,소프트웨어,OS,"Windows 11 Stop Code 블루스크린 오류: SESSION1_INITIALIZATION_FAILED (0x0000006D) - 세션 1 초기화 실패.","1. Shift+다시시작으로 안전모드 진입 2. 장치관리자 드라이버 롤백/제거 3. dism /restorehealth 및 sfc /scannow 4. 복구 불가능 시 OS 클린 재설치"
Microsoft 공식 레퍼런스,2026-08-07,소프트웨어,OS,"Windows 11 Stop Code 블루스크린 오류: SESSION2_INITIALIZATION_FAILED (0x0000006E) - 세션 2 초기화 실패.","1. Shift+다시시작으로 안전모드 진입 2. 장치관리자 드라이버 롤백/제거 3. dism /restorehealth 및 sfc /scannow 4. 복구 불가능 시 OS 클린 재설치"
Microsoft 공식 레퍼런스,2026-08-07,소프트웨어,OS,"Windows 11 Stop Code 블루스크린 오류: CONFIG_LIST_FAILED (0x00000073) - 핵심 레지스트리 Hive 로드 실패.","1. Shift+다시시작으로 안전모드 진입 2. 장치관리자 드라이버 롤백/제거 3. dism /restorehealth 및 sfc /scannow 4. 복구 불가능 시 OS 클린 재설치"
Microsoft 공식 레퍼런스,2026-08-07,소프트웨어,OS,"Windows 11 Stop Code 블루스크린 오류: CANNOT_WRITE_CONFIGURATION (0x00000075) - SYSTEM 레지스트리 Hive 파일 쓰기 공간 부족.","1. Shift+다시시작으로 안전모드 진입 2. 장치관리자 드라이버 롤백/제거 3. dism /restorehealth 및 sfc /scannow 4. 복구 불가능 시 OS 클린 재설치"
Microsoft 공식 레퍼런스,2026-08-07,소프트웨어,OS,"Windows 11 Stop Code 블루스크린 오류: PROCESS_HAS_LOCKED_PAGES (0x00000076) - 프로세스가 잠긴 메모리 페이지를 해제하지 않고 종료.","1. Shift+다시시작으로 안전모드 진입 2. 장치관리자 드라이버 롤백/제거 3. dism /restorehealth 및 sfc /scannow 4. 복구 불가능 시 OS 클린 재설치"
Microsoft 공식 레퍼런스,2026-08-07,소프트웨어,OS,"Windows 11 Stop Code 블루스크린 오류: KERNEL_STACK_INPAGE_ERROR (0x00000077) - 커널 메모리 스택 엑세스 실패. SSD/HDD 디스크 배드섹터 원인.","1. Shift+다시시작으로 안전모드 진입 2. 장치관리자 드라이버 롤백/제거 3. dism /restorehealth 및 sfc /scannow 4. 복구 불가능 시 OS 클린 재설치"
Microsoft 공식 레퍼런스,2026-08-07,소프트웨어,OS,"Windows 11 Stop Code 블루스크린 오류: PHASE0_EXCEPTION (0x00000078) - Phase 0 커널 초기화 예외.","1. Shift+다시시작으로 안전모드 진입 2. 장치관리자 드라이버 롤백/제거 3. dism /restorehealth 및 sfc /scannow 4. 복구 불가능 시 OS 클린 재설치"
Microsoft 공식 레퍼런스,2026-08-07,소프트웨어,OS,"Windows 11 Stop Code 블루스크린 오류: MISMATCHED_HAL (0x00000079) - HAL 레벨과 커널 릴리즈 파일 불일치.","1. Shift+다시시작으로 안전모드 진입 2. 장치관리자 드라이버 롤백/제거 3. dism /restorehealth 및 sfc /scannow 4. 복구 불가능 시 OS 클린 재설치"
Microsoft 공식 레퍼런스,2026-08-07,소프트웨어,OS,"Windows 11 Stop Code 블루스크린 오류: KERNEL_DATA_INPAGE_ERROR (0x0000007A) - 커널 데이터를 메모리로 페이징 중 I/O 읽기 에러 발생.","1. Shift+다시시작으로 안전모드 진입 2. 장치관리자 드라이버 롤백/제거 3. dism /restorehealth 및 sfc /scannow 4. 복구 불가능 시 OS 클린 재설치"
Microsoft 공식 레퍼런스,2026-08-07,소프트웨어,OS,"Windows 11 Stop Code 블루스크린 오류: BUGCODE_NDIS_DRIVER (0x0000007C) - NDIS 네트워크 드라이버 버그 코드 발생.","1. Shift+다시시작으로 안전모드 진입 2. 장치관리자 드라이버 롤백/제거 3. dism /restorehealth 및 sfc /scannow 4. 복구 불가능 시 OS 클린 재설치"
Microsoft 공식 레퍼런스,2026-08-07,소프트웨어,OS,"Windows 11 Stop Code 블루스크린 오류: INSTALL_MORE_MEMORY (0x0000007D) - Windows 11 실행 최소 용량 메모리 부족.","1. Shift+다시시작으로 안전모드 진입 2. 장치관리자 드라이버 롤백/제거 3. dism /restorehealth 및 sfc /scannow 4. 복구 불가능 시 OS 클린 재설치"
Microsoft 공식 레퍼런스,2026-08-07,소프트웨어,OS,"Windows 11 Stop Code 블루스크린 오류: UNEXPECTED_KERNEL_MODE_TRAP (0x0000007F) - CPU 트랩 예외 발생. 오버클럭, RAM 불량, 하드웨어 파손.","1. Shift+다시시작으로 안전모드 진입 2. 장치관리자 드라이버 롤백/제거 3. dism /restorehealth 및 sfc /scannow 4. 복구 불가능 시 OS 클린 재설치"
Microsoft 공식 레퍼런스,2026-08-07,하드웨어,하드웨어,"Windows 11 Stop Code 블루스크린 오류: NMI_HARDWARE_FAILURE (0x00000080) - NMI(Non-Maskable Interrupt) 하드웨어 치명적 결함.","1. RAM/CPU 슬롯 청소 및 물리 수리 2. BIOS 설정 초기화 (Load Default) 3. 파워서플라이 및 하드웨어 점검/교체"
Microsoft 공식 레퍼런스,2026-08-07,소프트웨어,OS,"Windows 11 Stop Code 블루스크린 오류: SPIN_LOCK_INIT_FAILURE (0x00000081) - 스핀락 초기화 실패.","1. Shift+다시시작으로 안전모드 진입 2. 장치관리자 드라이버 롤백/제거 3. dism /restorehealth 및 sfc /scannow 4. 복구 불가능 시 OS 클린 재설치"
Microsoft 공식 레퍼런스,2026-08-07,소프트웨어,OS,"Windows 11 Stop Code 블루스크린 오류: DFS_FILE_SYSTEM (0x00000082) - DFS(Distributed File System) 파일 시스템 커널 에러.","1. Shift+다시시작으로 안전모드 진입 2. 장치관리자 드라이버 롤백/제거 3. dism /restorehealth 및 sfc /scannow 4. 복구 불가능 시 OS 클린 재설치"
Microsoft 공식 레퍼런스,2026-08-07,소프트웨어,OS,"Windows 11 Stop Code 블루스크린 오류: OFS_FILE_SYSTEM (0x00000084) - OFS 파일 시스템 커널 결함.","1. Shift+다시시작으로 안전모드 진입 2. 장치관리자 드라이버 롤백/제거 3. dism /restorehealth 및 sfc /scannow 4. 복구 불가능 시 OS 클린 재설치"
Microsoft 공식 레퍼런스,2026-08-07,소프트웨어,OS,"Windows 11 Stop Code 블루스크린 오류: SETUP_FAILURE (0x00000085) - Windows 11 셋업 커널 진입 실패.","1. Shift+다시시작으로 안전모드 진입 2. 장치관리자 드라이버 롤백/제거 3. dism /restorehealth 및 sfc /scannow 4. 복구 불가능 시 OS 클린 재설치"
Microsoft 공식 레퍼런스,2026-08-07,소프트웨어,OS,"Windows 11 Stop Code 블루스크린 오류: KERNEL_MODE_EXCEPTION_NOT_HANDLED (0x0000008E) - 커널 모드 프로그램 미처리 예외 발생.","1. Shift+다시시작으로 안전모드 진입 2. 장치관리자 드라이버 롤백/제거 3. dism /restorehealth 및 sfc /scannow 4. 복구 불가능 시 OS 클린 재설치"
Microsoft 공식 레퍼런스,2026-08-07,소프트웨어,OS,"Windows 11 Stop Code 블루스크린 오류: PP0_INITIALIZATION_FAILED (0x0000008F) - 플러그 앤 플레이(PnP) Phase 0 초기화 실패.","1. Shift+다시시작으로 안전모드 진입 2. 장치관리자 드라이버 롤백/제거 3. dism /restorehealth 및 sfc /scannow 4. 복구 불가능 시 OS 클린 재설치"
Microsoft 공식 레퍼런스,2026-08-07,소프트웨어,OS,"Windows 11 Stop Code 블루스크린 오류: PP1_INITIALIZATION_FAILED (0x00000090) - 플러그 앤 플레이(PnP) Phase 1 초기화 실패.","1. Shift+다시시작으로 안전모드 진입 2. 장치관리자 드라이버 롤백/제거 3. dism /restorehealth 및 sfc /scannow 4. 복구 불가능 시 OS 클린 재설치"
Microsoft 공식 레퍼런스,2026-08-07,소프트웨어,OS,"Windows 11 Stop Code 블루스크린 오류: UP_DRIVER_ON_MP_SYSTEM (0x00000092) - 단일 코어 전용 드라이버가 멀티코어 커널에서 실행됨.","1. Shift+다시시작으로 안전모드 진입 2. 장치관리자 드라이버 롤백/제거 3. dism /restorehealth 및 sfc /scannow 4. 복구 불가능 시 OS 클린 재설치"
Microsoft 공식 레퍼런스,2026-08-07,소프트웨어,OS,"Windows 11 Stop Code 블루스크린 오류: INVALID_KERNEL_HANDLE (0x00000093) - 유효하지 않은 커널 핸들 사용 시도.","1. Shift+다시시작으로 안전모드 진입 2. 장치관리자 드라이버 롤백/제거 3. dism /restorehealth 및 sfc /scannow 4. 복구 불가능 시 OS 클린 재설치"
Microsoft 공식 레퍼런스,2026-08-07,소프트웨어,OS,"Windows 11 Stop Code 블루스크린 오류: KERNEL_STACK_LOCKED_AT_EXIT (0x00000094) - 스레드 종료 시 커널 스택 잠김 잔존.","1. Shift+다시시작으로 안전모드 진입 2. 장치관리자 드라이버 롤백/제거 3. dism /restorehealth 및 sfc /scannow 4. 복구 불가능 시 OS 클린 재설치"
Microsoft 공식 레퍼런스,2026-08-07,소프트웨어,OS,"Windows 11 Stop Code 블루스크린 오류: INVALID_WORK_QUEUE_ITEM (0x00000096) - 유효하지 않은 워크 큐 아이템 처리 시도.","1. Shift+다시시작으로 안전모드 진입 2. 장치관리자 드라이버 롤백/제거 3. dism /restorehealth 및 sfc /scannow 4. 복구 불가능 시 OS 클린 재설치"
Microsoft 공식 레퍼런스,2026-08-07,소프트웨어,OS,"Windows 11 Stop Code 블루스크린 오류: BOUND_IMAGE_UNSUPPORTED (0x00000097) - 지원되지 않는 바운드 이미지 로드 시도.","1. Shift+다시시작으로 안전모드 진입 2. 장치관리자 드라이버 롤백/제거 3. dism /restorehealth 및 sfc /scannow 4. 복구 불가능 시 OS 클린 재설치"
Microsoft 공식 레퍼런스,2026-08-07,소프트웨어,OS,"Windows 11 Stop Code 블루스크린 오류: END_OF_NT_EVALUATION_PERIOD (0x00000098) - Windows 11 평가판 사용 기간 만료.","1. Shift+다시시작으로 안전모드 진입 2. 장치관리자 드라이버 롤백/제거 3. dism /restorehealth 및 sfc /scannow 4. 복구 불가능 시 OS 클린 재설치"
Microsoft 공식 레퍼런스,2026-08-07,소프트웨어,OS,"Windows 11 Stop Code 블루스크린 오류: INVALID_REGION_OR_SEGMENT (0x00000099) - 유효하지 않은 메모리 영역 또는 세그먼트 매핑.","1. Shift+다시시작으로 안전모드 진입 2. 장치관리자 드라이버 롤백/제거 3. dism /restorehealth 및 sfc /scannow 4. 복구 불가능 시 OS 클린 재설치"
Microsoft 공식 레퍼런스,2026-08-07,소프트웨어,OS,"Windows 11 Stop Code 블루스크린 오류: SYSTEM_LICENSE_VIOLATION (0x0000009A) - Windows 시스템 정품 인증 라이선스 위반 탐지.","1. Shift+다시시작으로 안전모드 진입 2. 장치관리자 드라이버 롤백/제거 3. dism /restorehealth 및 sfc /scannow 4. 복구 불가능 시 OS 클린 재설치"
Microsoft 공식 레퍼런스,2026-08-07,소프트웨어,OS,"Windows 11 Stop Code 블루스크린 오류: UDFS_FILE_SYSTEM (0x0000009B) - UDFS(DVD/ISO File System) 커널 에러.","1. Shift+다시시작으로 안전모드 진입 2. 장치관리자 드라이버 롤백/제거 3. dism /restorehealth 및 sfc /scannow 4. 복구 불가능 시 OS 클린 재설치"
Microsoft 공식 레퍼런스,2026-08-07,하드웨어,하드웨어,"Windows 11 Stop Code 블루스크린 오류: MACHINE_CHECK_EXCEPTION (0x0000009C) - CPU 칩셋 내부 하드웨어 오류 감지 (Machine Check).","1. RAM/CPU 슬롯 청소 및 물리 수리 2. BIOS 설정 초기화 (Load Default) 3. 파워서플라이 및 하드웨어 점검/교체"
Microsoft 공식 레퍼런스,2026-08-07,소프트웨어,OS,"Windows 11 Stop Code 블루스크린 오류: USER_MODE_HEALTH_MONITOR (0x0000009E) - 유저 모드 프로세스 헬스 모니터링 타임아웃 종료.","1. Shift+다시시작으로 안전모드 진입 2. 장치관리자 드라이버 롤백/제거 3. dism /restorehealth 및 sfc /scannow 4. 복구 불가능 시 OS 클린 재설치"
Microsoft 공식 레퍼런스,2026-08-07,소프트웨어,OS,"Windows 11 Stop Code 블루스크린 오류: DRIVER_POWER_STATE_FAILURE (0x0000009F) - 드라이버 전원 관리 상태 절전/복구 전환 실패.","1. Shift+다시시작으로 안전모드 진입 2. 장치관리자 드라이버 롤백/제거 3. dism /restorehealth 및 sfc /scannow 4. 복구 불가능 시 OS 클린 재설치"
Microsoft 공식 레퍼런스,2026-08-07,소프트웨어,OS,"Windows 11 Stop Code 블루스크린 오류: INTERNAL_POWER_ERROR (0x000000A0) - 전원 관리 서브시스템 내부 커널 에러.","1. Shift+다시시작으로 안전모드 진입 2. 장치관리자 드라이버 롤백/제거 3. dism /restorehealth 및 sfc /scannow 4. 복구 불가능 시 OS 클린 재설치"
Microsoft 공식 레퍼런스,2026-08-07,소프트웨어,OS,"Windows 11 Stop Code 블루스크린 오류: PCI_BUS_DRIVER_INTERNAL (0x000000A1) - PCI 버스 드라이버 내부 파손.","1. Shift+다시시작으로 안전모드 진입 2. 장치관리자 드라이버 롤백/제거 3. dism /restorehealth 및 sfc /scannow 4. 복구 불가능 시 OS 클린 재설치"
Microsoft 공식 레퍼런스,2026-08-07,소프트웨어,OS,"Windows 11 Stop Code 블루스크린 오류: MEMORY_IMAGE_CORRUPT (0x000000A2) - 메모리 덤프 이미지 파손.","1. Shift+다시시작으로 안전모드 진입 2. 장치관리자 드라이버 롤백/제거 3. dism /restorehealth 및 sfc /scannow 4. 복구 불가능 시 OS 클린 재설치"
Microsoft 공식 레퍼런스,2026-08-07,소프트웨어,OS,"Windows 11 Stop Code 블루스크린 오류: ACPI_DRIVER_INTERNAL (0x000000A3) - ACPI 전원 관리 드라이버 내부 오류.","1. Shift+다시시작으로 안전모드 진입 2. 장치관리자 드라이버 롤백/제거 3. dism /restorehealth 및 sfc /scannow 4. 복구 불가능 시 OS 클린 재설치"
Microsoft 공식 레퍼런스,2026-08-07,소프트웨어,OS,"Windows 11 Stop Code 블루스크린 오류: CNSS_FILE_SYSTEM_FILTER (0x000000A4) - CNSS 파일 시스템 필터 드라이버 에러.","1. Shift+다시시작으로 안전모드 진입 2. 장치관리자 드라이버 롤백/제거 3. dism /restorehealth 및 sfc /scannow 4. 복구 불가능 시 OS 클린 재설치"
Microsoft 공식 레퍼런스,2026-08-07,소프트웨어,OS,"Windows 11 Stop Code 블루스크린 오류: ACPI_BIOS_ERROR (0x000000A5) - 메인보드 ACPI BIOS 전원 관리 규격 불일치.","1. Shift+다시시작으로 안전모드 진입 2. 장치관리자 드라이버 롤백/제거 3. dism /restorehealth 및 sfc /scannow 4. 복구 불가능 시 OS 클린 재설치"
Microsoft 공식 레퍼런스,2026-08-07,소프트웨어,OS,"Windows 11 Stop Code 블루스크린 오류: BAD_EXSYSTEM_PARTITION (0x000000A7) - 손상된 시스템 파티션 레코드.","1. Shift+다시시작으로 안전모드 진입 2. 장치관리자 드라이버 롤백/제거 3. dism /restorehealth 및 sfc /scannow 4. 복구 불가능 시 OS 클린 재설치"
Microsoft 공식 레퍼런스,2026-08-07,소프트웨어,OS,"Windows 11 Stop Code 블루스크린 오류: SESSION_HAS_VALID_VIEWS_ON_EXIT (0x000000AB) - 세션 종료 시 뷰 미해제 잔존.","1. Shift+다시시작으로 안전모드 진입 2. 장치관리자 드라이버 롤백/제거 3. dism /restorehealth 및 sfc /scannow 4. 복구 불가능 시 OS 클린 재설치"
Microsoft 공식 레퍼런스,2026-08-07,소프트웨어,OS,"Windows 11 Stop Code 블루스크린 오류: AUTO_BOOST_LOCK_ACQUISITION_FAILURE (0x000000AC) - 오토 부스트 락 취득 실패.","1. Shift+다시시작으로 안전모드 진입 2. 장치관리자 드라이버 롤백/제거 3. dism /restorehealth 및 sfc /scannow 4. 복구 불가능 시 OS 클린 재설치"
Microsoft 공식 레퍼런스,2026-08-07,소프트웨어,OS,"Windows 11 Stop Code 블루스크린 오류: VIDEO_DRIVER_INIT_FAILURE (0x000000B4) - 디스플레이 그래픽 드라이버 초기화 실패.","1. Shift+다시시작으로 안전모드 진입 2. 장치관리자 드라이버 롤백/제거 3. dism /restorehealth 및 sfc /scannow 4. 복구 불가능 시 OS 클린 재설치"
Microsoft 공식 레퍼런스,2026-08-07,소프트웨어,OS,"Windows 11 Stop Code 블루스크린 오류: ATTEMPTED_SWITCH_FROM_DPC (0x000000B8) - DPC 루틴 내에서 불법 스레드 스위치 시도.","1. Shift+다시시작으로 안전모드 진입 2. 장치관리자 드라이버 롤백/제거 3. dism /restorehealth 및 sfc /scannow 4. 복구 불가능 시 OS 클린 재설치"
Microsoft 공식 레퍼런스,2026-08-07,소프트웨어,OS,"Windows 11 Stop Code 블루스크린 오류: CHIPSET_DETECTED_ERROR (0x000000B9) - 메인보드 칩셋 하드웨어 오류 감지.","1. Shift+다시시작으로 안전모드 진입 2. 장치관리자 드라이버 롤백/제거 3. dism /restorehealth 및 sfc /scannow 4. 복구 불가능 시 OS 클린 재설치"
Microsoft 공식 레퍼런스,2026-08-07,소프트웨어,OS,"Windows 11 Stop Code 블루스크린 오류: SESSION_HAS_VALID_PROCESSES_ON_EXIT (0x000000BA) - 세션 종료 시 활성 프로세스 잔존.","1. Shift+다시시작으로 안전모드 진입 2. 장치관리자 드라이버 롤백/제거 3. dism /restorehealth 및 sfc /scannow 4. 복구 불가능 시 OS 클린 재설치"
Microsoft 공식 레퍼런스,2026-08-07,소프트웨어,OS,"Windows 11 Stop Code 블루스크린 오류: NETWORK_BOOT_INITIALIZATION_FAILED (0x000000BB) - PXE 네트워크 부팅 초기화 실패.","1. Shift+다시시작으로 안전모드 진입 2. 장치관리자 드라이버 롤백/제거 3. dism /restorehealth 및 sfc /scannow 4. 복구 불가능 시 OS 클린 재설치"
Microsoft 공식 레퍼런스,2026-08-07,소프트웨어,OS,"Windows 11 Stop Code 블루스크린 오류: NETWORK_BOOT_DUPLICATE_ADDRESS (0x000000BC) - 네트워크 부팅 IP 주소 중복 탐지.","1. Shift+다시시작으로 안전모드 진입 2. 장치관리자 드라이버 롤백/제거 3. dism /restorehealth 및 sfc /scannow 4. 복구 불가능 시 OS 클린 재설치"
Microsoft 공식 레퍼런스,2026-08-07,소프트웨어,OS,"Windows 11 Stop Code 블루스크린 오류: INVALID_HIBERNATED_STATE (0x000000BD) - 유효하지 않은 최대절전모드 파일 상태.","1. Shift+다시시작으로 안전모드 진입 2. 장치관리자 드라이버 롤백/제거 3. dism /restorehealth 및 sfc /scannow 4. 복구 불가능 시 OS 클린 재설치"
Microsoft 공식 레퍼런스,2026-08-07,소프트웨어,OS,"Windows 11 Stop Code 블루스크린 오류: ATTEMPTED_WRITE_TO_READONLY_MEMORY (0x000000BE) - 읽기 전용 커널 메모리 영역에 무단 쓰기 시도.","1. Shift+다시시작으로 안전모드 진입 2. 장치관리자 드라이버 롤백/제거 3. dism /restorehealth 및 sfc /scannow 4. 복구 불가능 시 OS 클린 재설치"
Microsoft 공식 레퍼런스,2026-08-07,소프트웨어,OS,"Windows 11 Stop Code 블루스크린 오류: MUTEX_ALREADY_OWNED (0x000000BF) - 뮤텍스 중복 소유 에러.","1. Shift+다시시작으로 안전모드 진입 2. 장치관리자 드라이버 롤백/제거 3. dism /restorehealth 및 sfc /scannow 4. 복구 불가능 시 OS 클린 재설치"
Microsoft 공식 레퍼런스,2026-08-07,소프트웨어,OS,"Windows 11 Stop Code 블루스크린 오류: SPECIAL_POOL_DETECTED_MEMORY_CORRUPTION (0x000000C1) - 스페셜 메모리 풀에서 커널 덮어쓰기 파손 탐지.","1. Shift+다시시작으로 안전모드 진입 2. 장치관리자 드라이버 롤백/제거 3. dism /restorehealth 및 sfc /scannow 4. 복구 불가능 시 OS 클린 재설치"
Microsoft 공식 레퍼런스,2026-08-07,소프트웨어,OS,"Windows 11 Stop Code 블루스크린 오류: BAD_POOL_CALLER (0x000000C2) - 잘못된 메모리 풀 해제 요청. 드라이버 메모리 버그.","1. Shift+다시시작으로 안전모드 진입 2. 장치관리자 드라이버 롤백/제거 3. dism /restorehealth 및 sfc /scannow 4. 복구 불가능 시 OS 클린 재설치"
Microsoft 공식 레퍼런스,2026-08-07,소프트웨어,OS,"Windows 11 Stop Code 블루스크린 오류: DRIVER_VERIFIER_DETECTED_VIOLATION (0x000000C4) - Driver Verifier 검증 도구가 드라이버 위반 탐지.","1. Shift+다시시작으로 안전모드 진입 2. 장치관리자 드라이버 롤백/제거 3. dism /restorehealth 및 sfc /scannow 4. 복구 불가능 시 OS 클린 재설치"
Microsoft 공식 레퍼런스,2026-08-07,소프트웨어,OS,"Windows 11 Stop Code 블루스크린 오류: DRIVER_CORRUPTED_EXPOOL (0x000000C5) - 드라이버가 커널 풀 메모리를 무단 파손함.","1. Shift+다시시작으로 안전모드 진입 2. 장치관리자 드라이버 롤백/제거 3. dism /restorehealth 및 sfc /scannow 4. 복구 불가능 시 OS 클린 재설치"
Microsoft 공식 레퍼런스,2026-08-07,소프트웨어,OS,"Windows 11 Stop Code 블루스크린 오류: DRIVER_CAUGHT_MODIFYING_FREED_POOL (0x000000C6) - 이미 해제된 메모리 풀을 드라이버가 무단 수정 탐지.","1. Shift+다시시작으로 안전모드 진입 2. 장치관리자 드라이버 롤백/제거 3. dism /restorehealth 및 sfc /scannow 4. 복구 불가능 시 OS 클린 재설치"
Microsoft 공식 레퍼런스,2026-08-07,소프트웨어,OS,"Windows 11 Stop Code 블루스크린 오류: TIMER_OR_DPC_INVALID (0x000000C7) - 유효하지 않은 타이머 또는 DPC 주소 참조.","1. Shift+다시시작으로 안전모드 진입 2. 장치관리자 드라이버 롤백/제거 3. dism /restorehealth 및 sfc /scannow 4. 복구 불가능 시 OS 클린 재설치"
Microsoft 공식 레퍼런스,2026-08-07,소프트웨어,OS,"Windows 11 Stop Code 블루스크린 오류: IRQL_UNEXPECTED_VALUE (0x000000C8) - 예기치 않은 IRQL 수치 탐지.","1. Shift+다시시작으로 안전모드 진입 2. 장치관리자 드라이버 롤백/제거 3. dism /restorehealth 및 sfc /scannow 4. 복구 불가능 시 OS 클린 재설치"
Microsoft 공식 레퍼런스,2026-08-07,소프트웨어,OS,"Windows 11 Stop Code 블루스크린 오류: DRIVER_VERIFIER_IOMANAGER_VIOLATION (0x000000C9) - Driver Verifier I/O 관리자 위반 탐지.","1. Shift+다시시작으로 안전모드 진입 2. 장치관리자 드라이버 롤백/제거 3. dism /restorehealth 및 sfc /scannow 4. 복구 불가능 시 OS 클린 재설치"
Microsoft 공식 레퍼런스,2026-08-07,소프트웨어,OS,"Windows 11 Stop Code 블루스크린 오류: PNP_DETECTED_FATAL_ERROR (0x000000CA) - PnP(Plug and Play) 치명적 하드웨어 오류 감지.","1. Shift+다시시작으로 안전모드 진입 2. 장치관리자 드라이버 롤백/제거 3. dism /restorehealth 및 sfc /scannow 4. 복구 불가능 시 OS 클린 재설치"
Microsoft 공식 레퍼런스,2026-08-07,소프트웨어,OS,"Windows 11 Stop Code 블루스크린 오류: DRIVER_LEFT_LOCKED_PAGES_IN_PROCESS (0x000000CB) - 드라이버가 잠긴 메모리 페이지를 해제하지 않고 이탈.","1. Shift+다시시작으로 안전모드 진입 2. 장치관리자 드라이버 롤백/제거 3. dism /restorehealth 및 sfc /scannow 4. 복구 불가능 시 OS 클린 재설치"
Microsoft 공식 레퍼런스,2026-08-07,소프트웨어,OS,"Windows 11 Stop Code 블루스크린 오류: PAGE_FAULT_IN_FREED_SPECIAL_POOL (0x000000CC) - 해제된 스페셜 메모리 풀 영역 참조 페이징 오류.","1. Shift+다시시작으로 안전모드 진입 2. 장치관리자 드라이버 롤백/제거 3. dism /restorehealth 및 sfc /scannow 4. 복구 불가능 시 OS 클린 재설치"
Microsoft 공식 레퍼런스,2026-08-07,소프트웨어,OS,"Windows 11 Stop Code 블루스크린 오류: PAGE_FAULT_BEYOND_END_OF_ALLOCATION (0x000000CD) - 할당 범위 경계를 넘어선 무단 페이징 오류.","1. Shift+다시시작으로 안전모드 진입 2. 장치관리자 드라이버 롤백/제거 3. dism /restorehealth 및 sfc /scannow 4. 복구 불가능 시 OS 클린 재설치"
Microsoft 공식 레퍼런스,2026-08-07,소프트웨어,OS,"Windows 11 Stop Code 블루스크린 오류: DRIVER_UNLOADED_WITHOUT_CANCELLING_PENDING_OPERATIONS (0x000000CE) - 보류 작업을 취소하지 않고 드라이버 언로드.","1. Shift+다시시작으로 안전모드 진입 2. 장치관리자 드라이버 롤백/제거 3. dism /restorehealth 및 sfc /scannow 4. 복구 불가능 시 OS 클린 재설치"
Microsoft 공식 레퍼런스,2026-08-07,소프트웨어,OS,"Windows 11 Stop Code 블루스크린 오류: TERMINAL_SERVER_DRIVER_MADE_INVALID_TAG (0x000000CF) - 터미널 서버 드라이버 유효하지 않은 태그 생성.","1. Shift+다시시작으로 안전모드 진입 2. 장치관리자 드라이버 롤백/제거 3. dism /restorehealth 및 sfc /scannow 4. 복구 불가능 시 OS 클린 재설치"
Microsoft 공식 레퍼런스,2026-08-07,소프트웨어,OS,"Windows 11 Stop Code 블루스크린 오류: DRIVER_CORRUPTED_MMPOOL (0x000000D0) - 드라이버가 메모리 관리자 풀 메모리 파손.","1. Shift+다시시작으로 안전모드 진입 2. 장치관리자 드라이버 롤백/제거 3. dism /restorehealth 및 sfc /scannow 4. 복구 불가능 시 OS 클린 재설치"
Microsoft 공식 레퍼런스,2026-08-07,소프트웨어,OS,"Windows 11 Stop Code 블루스크린 오류: BUGCODE_IDRIVER_MAPPED_PORT_SPACE (0x000000D2) - 드라이버 포트 스페이스 매핑 에러.","1. Shift+다시시작으로 안전모드 진입 2. 장치관리자 드라이버 롤백/제거 3. dism /restorehealth 및 sfc /scannow 4. 복구 불가능 시 OS 클린 재설치"
Microsoft 공식 레퍼런스,2026-08-07,소프트웨어,OS,"Windows 11 Stop Code 블루스크린 오류: DRIVER_PORT_COMPLETION_SET_DATA (0x000000D3) - 드라이버 포트 완성 데이터 설정 실패.","1. Shift+다시시작으로 안전모드 진입 2. 장치관리자 드라이버 롤백/제거 3. dism /restorehealth 및 sfc /scannow 4. 복구 불가능 시 OS 클린 재설치"
Microsoft 공식 레퍼런스,2026-08-07,소프트웨어,OS,"Windows 11 Stop Code 블루스크린 오류: SYSTEM_SCAN_AT_UNAUTHENTICATED_LOCATION (0x000000D4) - 미인증 커널 위치 시스템 스캔 탐지.","1. Shift+다시시작으로 안전모드 진입 2. 장치관리자 드라이버 롤백/제거 3. dism /restorehealth 및 sfc /scannow 4. 복구 불가능 시 OS 클린 재설치"
Microsoft 공식 레퍼런스,2026-08-07,소프트웨어,OS,"Windows 11 Stop Code 블루스크린 오류: DRIVER_PAGE_FAULT_IN_FREED_SPECIAL_POOL (0x000000D5) - 해제된 스페셜 풀 영역 드라이버 페이징 에러.","1. Shift+다시시작으로 안전모드 진입 2. 장치관리자 드라이버 롤백/제거 3. dism /restorehealth 및 sfc /scannow 4. 복구 불가능 시 OS 클린 재설치"
Microsoft 공식 레퍼런스,2026-08-07,소프트웨어,OS,"Windows 11 Stop Code 블루스크린 오류: DRIVER_PAGE_FAULT_BEYOND_END_OF_ALLOCATION (0x000000D6) - 할당 범위를 초과한 드라이버 페이징 에러.","1. Shift+다시시작으로 안전모드 진입 2. 장치관리자 드라이버 롤백/제거 3. dism /restorehealth 및 sfc /scannow 4. 복구 불가능 시 OS 클린 재설치"
Microsoft 공식 레퍼런스,2026-08-07,소프트웨어,OS,"Windows 11 Stop Code 블루스크린 오류: DRIVER_UNMAPPED_SYSTEM_VA (0x000000D7) - 매핑 해제된 시스템 가상 주소 참조.","1. Shift+다시시작으로 안전모드 진입 2. 장치관리자 드라이버 롤백/제거 3. dism /restorehealth 및 sfc /scannow 4. 복구 불가능 시 OS 클린 재설치"
Microsoft 공식 레퍼런스,2026-08-07,소프트웨어,OS,"Windows 11 Stop Code 블루스크린 오류: DRIVER_USED_EXCESSIVE_PTES (0x000000D8) - 드라이버가 남용 수준으로 과도한 PTE 소비.","1. Shift+다시시작으로 안전모드 진입 2. 장치관리자 드라이버 롤백/제거 3. dism /restorehealth 및 sfc /scannow 4. 복구 불가능 시 OS 클린 재설치"
Microsoft 공식 레퍼런스,2026-08-07,소프트웨어,OS,"Windows 11 Stop Code 블루스크린 오류: LOCKED_PAGES_TRACKER_CORRUPT (0x000000D9) - 잠긴 페이지 추적기 구조체 파손.","1. Shift+다시시작으로 안전모드 진입 2. 장치관리자 드라이버 롤백/제거 3. dism /restorehealth 및 sfc /scannow 4. 복구 불가능 시 OS 클린 재설치"
Microsoft 공식 레퍼런스,2026-08-07,소프트웨어,OS,"Windows 11 Stop Code 블루스크린 오류: SYSTEM_PTE_MISUSE (0x000000DA) - 시스템 PTE 무단 남용 탐지.","1. Shift+다시시작으로 안전모드 진입 2. 장치관리자 드라이버 롤백/제거 3. dism /restorehealth 및 sfc /scannow 4. 복구 불가능 시 OS 클린 재설치"
Microsoft 공식 레퍼런스,2026-08-07,소프트웨어,OS,"Windows 11 Stop Code 블루스크린 오류: DRIVER_CORRUPTED_SYSPTES (0x000000DB) - 드라이버가 시스템 PTE 메모리 파손.","1. Shift+다시시작으로 안전모드 진입 2. 장치관리자 드라이버 롤백/제거 3. dism /restorehealth 및 sfc /scannow 4. 복구 불가능 시 OS 클린 재설치"
Microsoft 공식 레퍼런스,2026-08-07,소프트웨어,OS,"Windows 11 Stop Code 블루스크린 오류: DRIVER_INVALID_STACK_ACCESS (0x000000DC) - 드라이버 유효하지 않은 스택 메모리 접근.","1. Shift+다시시작으로 안전모드 진입 2. 장치관리자 드라이버 롤백/제거 3. dism /restorehealth 및 sfc /scannow 4. 복구 불가능 시 OS 클린 재설치"
Microsoft 공식 레퍼런스,2026-08-07,소프트웨어,OS,"Windows 11 Stop Code 블루스크린 오류: POOL_CORRUPTION_IN_FILE_AREA (0x000000DE) - 파일 영역 내 메모리 풀 파손.","1. Shift+다시시작으로 안전모드 진입 2. 장치관리자 드라이버 롤백/제거 3. dism /restorehealth 및 sfc /scannow 4. 복구 불가능 시 OS 클린 재설치"
Microsoft 공식 레퍼런스,2026-08-07,소프트웨어,OS,"Windows 11 Stop Code 블루스크린 오류: IMPERSONATING_WORKER_THREAD (0x000000DF) - 워커 스레드가 임퍼소네이션(가징) 상태 유지.","1. Shift+다시시작으로 안전모드 진입 2. 장치관리자 드라이버 롤백/제거 3. dism /restorehealth 및 sfc /scannow 4. 복구 불가능 시 OS 클린 재설치"
Microsoft 공식 레퍼런스,2026-08-07,소프트웨어,OS,"Windows 11 Stop Code 블루스크린 오류: ACPI_BIOS_FATAL_ERROR (0x000000E0) - ACPI BIOS 치명적 오류 발생.","1. Shift+다시시작으로 안전모드 진입 2. 장치관리자 드라이버 롤백/제거 3. dism /restorehealth 및 sfc /scannow 4. 복구 불가능 시 OS 클린 재설치"
Microsoft 공식 레퍼런스,2026-08-07,소프트웨어,OS,"Windows 11 Stop Code 블루스크린 오류: WORKER_THREAD_RETURNED_AT_BAD_IRQL (0x000000E1) - 워커 스레드가 상승된 IRQL 레벨에서 리턴됨.","1. Shift+다시시작으로 안전모드 진입 2. 장치관리자 드라이버 롤백/제거 3. dism /restorehealth 및 sfc /scannow 4. 복구 불가능 시 OS 클린 재설치"
Microsoft 공식 레퍼런스,2026-08-07,소프트웨어,OS,"Windows 11 Stop Code 블루스크린 오류: MANUALLY_INITIATED_CRASH (0x000000E2) - 사용자/엔지니어가 수동으로 유발한 BSOD (Ctrl+ScrollLock).","1. Shift+다시시작으로 안전모드 진입 2. 장치관리자 드라이버 롤백/제거 3. dism /restorehealth 및 sfc /scannow 4. 복구 불가능 시 OS 클린 재설치"
Microsoft 공식 레퍼런스,2026-08-07,소프트웨어,OS,"Windows 11 Stop Code 블루스크린 오류: RESOURCE_NOT_OWNED (0x000000E3) - 소유하지 않은 공유 자원 해제 시도.","1. Shift+다시시작으로 안전모드 진입 2. 장치관리자 드라이버 롤백/제거 3. dism /restorehealth 및 sfc /scannow 4. 복구 불가능 시 OS 클린 재설치"
Microsoft 공식 레퍼런스,2026-08-07,소프트웨어,OS,"Windows 11 Stop Code 블루스크린 오류: WORKER_THREAD_INVALID_STATE (0x000000E4) - 워커 스레드 유효하지 않은 상태.","1. Shift+다시시작으로 안전모드 진입 2. 장치관리자 드라이버 롤백/제거 3. dism /restorehealth 및 sfc /scannow 4. 복구 불가능 시 OS 클린 재설치"
Microsoft 공식 레퍼런스,2026-08-07,소프트웨어,OS,"Windows 11 Stop Code 블루스크린 오류: DRIVER_VERIFIER_DMA_VIOLATION (0x000000E6) - Driver Verifier DMA 버퍼 위반 탐지.","1. Shift+다시시작으로 안전모드 진입 2. 장치관리자 드라이버 롤백/제거 3. dism /restorehealth 및 sfc /scannow 4. 복구 불가능 시 OS 클린 재설치"
Microsoft 공식 레퍼런스,2026-08-07,소프트웨어,OS,"Windows 11 Stop Code 블루스크린 오류: INVALID_FLOATING_POINT_STATE (0x000000E7) - 유효하지 않은 CPU 부동소수점 상태.","1. Shift+다시시작으로 안전모드 진입 2. 장치관리자 드라이버 롤백/제거 3. dism /restorehealth 및 sfc /scannow 4. 복구 불가능 시 OS 클린 재설치"
Microsoft 공식 레퍼런스,2026-08-07,소프트웨어,OS,"Windows 11 Stop Code 블루스크린 오류: INVALID_CANCEL_OF_FILE_OPEN (0x000000E8) - 파일 오픈 취소 요청 파손.","1. Shift+다시시작으로 안전모드 진입 2. 장치관리자 드라이버 롤백/제거 3. dism /restorehealth 및 sfc /scannow 4. 복구 불가능 시 OS 클린 재설치"
Microsoft 공식 레퍼런스,2026-08-07,소프트웨어,OS,"Windows 11 Stop Code 블루스크린 오류: ACTIVE_EX_WORKER_THREAD_TERMINATION (0x000000E9) - 활성 워커 스레드 강제 종료 탐지.","1. Shift+다시시작으로 안전모드 진입 2. 장치관리자 드라이버 롤백/제거 3. dism /restorehealth 및 sfc /scannow 4. 복구 불가능 시 OS 클린 재설치"
Microsoft 공식 레퍼런스,2026-08-07,소프트웨어,OS,"Windows 11 Stop Code 블루스크린 오류: THREAD_STUCK_IN_DEVICE_DRIVER (0x000000EA) - 디바이스 그래픽 드라이버 내 스레드 무한 루프 갇힘.","1. Shift+다시시작으로 안전모드 진입 2. 장치관리자 드라이버 롤백/제거 3. dism /restorehealth 및 sfc /scannow 4. 복구 불가능 시 OS 클린 재설치"
Microsoft 공식 레퍼런스,2026-08-07,소프트웨어,OS,"Windows 11 Stop Code 블루스크린 오류: DIRTY_MAPPED_PAGES_CONGRUENCE (0x000000EB) - 더티 매핑 페이지 일관성 파손.","1. Shift+다시시작으로 안전모드 진입 2. 장치관리자 드라이버 롤백/제거 3. dism /restorehealth 및 sfc /scannow 4. 복구 불가능 시 OS 클린 재설치"
Microsoft 공식 레퍼런스,2026-08-07,소프트웨어,OS,"Windows 11 Stop Code 블루스크린 오류: SESSION_HAS_VALID_SPECIAL_VIEWS (0x000000EC) - 세션 종료 시 스페셜 뷰 잔존.","1. Shift+다시시작으로 안전모드 진입 2. 장치관리자 드라이버 롤백/제거 3. dism /restorehealth 및 sfc /scannow 4. 복구 불가능 시 OS 클린 재설치"
Microsoft 공식 레퍼런스,2026-08-07,소프트웨어,OS,"Windows 11 Stop Code 블루스크린 오류: UNMOUNTABLE_BOOT_VOLUME (0x000000ED) - 부팅 볼륨 마운트 불가. 디스크 BCD/파일시스템 손상.","1. Shift+다시시작으로 안전모드 진입 2. 장치관리자 드라이버 롤백/제거 3. dism /restorehealth 및 sfc /scannow 4. 복구 불가능 시 OS 클린 재설치"
Microsoft 공식 레퍼런스,2026-08-07,소프트웨어,OS,"Windows 11 Stop Code 블루스크린 오류: CRITICAL_INITIALIZATION_FAILURE (0x000000EE) - 치명적인 필수 서브시스템 초기화 실패.","1. Shift+다시시작으로 안전모드 진입 2. 장치관리자 드라이버 롤백/제거 3. dism /restorehealth 및 sfc /scannow 4. 복구 불가능 시 OS 클린 재설치"
Microsoft 공식 레퍼런스,2026-08-07,소프트웨어,OS,"Windows 11 Stop Code 블루스크린 오류: CRITICAL_OBJECT_TERMINATION (0x000000F4) - 치명적인 프로세스 개체 강제 종료.","1. Shift+다시시작으로 안전모드 진입 2. 장치관리자 드라이버 롤백/제거 3. dism /restorehealth 및 sfc /scannow 4. 복구 불가능 시 OS 클린 재설치"
Microsoft 공식 레퍼런스,2026-08-07,소프트웨어,OS,"Windows 11 Stop Code 블루스크린 오류: DRIVER_OVERRAN_STACK_BUFFER (0x000000F7) - 드라이버 스택 버퍼 오버런 (보안 버퍼 침범).","1. Shift+다시시작으로 안전모드 진입 2. 장치관리자 드라이버 롤백/제거 3. dism /restorehealth 및 sfc /scannow 4. 복구 불가능 시 OS 클린 재설치"
Microsoft 공식 레퍼런스,2026-08-07,소프트웨어,OS,"Windows 11 Stop Code 블루스크린 오류: HTTP_DRIVER_CORRUPTED (0x000000FA) - HTTP.sys 웹 서버 드라이버 메모리 파손.","1. Shift+다시시작으로 안전모드 진입 2. 장치관리자 드라이버 롤백/제거 3. dism /restorehealth 및 sfc /scannow 4. 복구 불가능 시 OS 클린 재설치"
Microsoft 공식 레퍼런스,2026-08-07,소프트웨어,OS,"Windows 11 Stop Code 블루스크린 오류: ATTEMPTED_EXECUTE_OF_NOEXECUTE_MEMORY (0x000000FC) - 실행 방지(NX/DEP) 메모리 영역 실행 시도.","1. Shift+다시시작으로 안전모드 진입 2. 장치관리자 드라이버 롤백/제거 3. dism /restorehealth 및 sfc /scannow 4. 복구 불가능 시 OS 클린 재설치"
Microsoft 공식 레퍼런스,2026-08-07,소프트웨어,OS,"Windows 11 Stop Code 블루스크린 오류: DIRTY_NOWRITE_PAGES_CONGRUENCE (0x000000FD) - 쓰기 금지 더티 페이지 파손.","1. Shift+다시시작으로 안전모드 진입 2. 장치관리자 드라이버 롤백/제거 3. dism /restorehealth 및 sfc /scannow 4. 복구 불가능 시 OS 클린 재설치"
Microsoft 공식 레퍼런스,2026-08-07,소프트웨어,OS,"Windows 11 Stop Code 블루스크린 오류: BUGCODE_USB_DRIVER (0x000000FE) - USB 포트 드라이버 치명적 버그 코드 발생.","1. Shift+다시시작으로 안전모드 진입 2. 장치관리자 드라이버 롤백/제거 3. dism /restorehealth 및 sfc /scannow 4. 복구 불가능 시 OS 클린 재설치"
Microsoft 공식 레퍼런스,2026-08-07,소프트웨어,OS,"Windows 11 Stop Code 블루스크린 오류: LOADER_BLOCK_MISMATCH (0x00000100) - OS 로더 블록 버전 불일치.","1. Shift+다시시작으로 안전모드 진입 2. 장치관리자 드라이버 롤백/제거 3. dism /restorehealth 및 sfc /scannow 4. 복구 불가능 시 OS 클린 재설치"
Microsoft 공식 레퍼런스,2026-08-07,하드웨어,하드웨어,"Windows 11 Stop Code 블루스크린 오류: CLOCK_WATCHDOG_TIMEOUT (0x00000101) - 다중 코어 CPU 클럭 와치독 타임아웃. CPU 과열/오버클럭.","1. RAM/CPU 슬롯 청소 및 물리 수리 2. BIOS 설정 초기화 (Load Default) 3. 파워서플라이 및 하드웨어 점검/교체"
Microsoft 공식 레퍼런스,2026-08-07,소프트웨어,OS,"Windows 11 Stop Code 블루스크린 오류: WDF_VIOLATION (0x0000010D) - WDF(Windows Driver Framework) 프레임워크 규칙 위반.","1. Shift+다시시작으로 안전모드 진입 2. 장치관리자 드라이버 롤백/제거 3. dism /restorehealth 및 sfc /scannow 4. 복구 불가능 시 OS 클린 재설치"
Microsoft 공식 레퍼런스,2026-08-07,소프트웨어,OS,"Windows 11 Stop Code 블루스크린 오류: VIDEO_MEMORY_MANAGEMENT_INTERNAL (0x0000010E) - 비디오 그래픽 메모리 관리자 내부 오류.","1. Shift+다시시작으로 안전모드 진입 2. 장치관리자 드라이버 롤백/제거 3. dism /restorehealth 및 sfc /scannow 4. 복구 불가능 시 OS 클린 재설치"
Microsoft 공식 레퍼런스,2026-08-07,소프트웨어,OS,"Windows 11 Stop Code 블루스크린 오류: RESOURCE_MANAGER_EXCEPTION (0x0000010F) - 자원 관리자 서브시스템 예외.","1. Shift+다시시작으로 안전모드 진입 2. 장치관리자 드라이버 롤백/제거 3. dism /restorehealth 및 sfc /scannow 4. 복구 불가능 시 OS 클린 재설치"
Microsoft 공식 레퍼런스,2026-08-07,소프트웨어,OS,"Windows 11 Stop Code 블루스크린 오류: VIDEO_TDR_TIMEOUT_DETECTED (0x00000117) - 디스플레이 그래픽 TDR 타임아웃 감지.","1. Shift+다시시작으로 안전모드 진입 2. 장치관리자 드라이버 롤백/제거 3. dism /restorehealth 및 sfc /scannow 4. 복구 불가능 시 OS 클린 재설치"
Microsoft 공식 레퍼런스,2026-08-07,소프트웨어,OS,"Windows 11 Stop Code 블루스크린 오류: VIDEO_SCHEDULER_INTERNAL_ERROR (0x00000119) - 비디오 그래픽 스케줄러 내부 커널 오류.","1. Shift+다시시작으로 안전모드 진입 2. 장치관리자 드라이버 롤백/제거 3. dism /restorehealth 및 sfc /scannow 4. 복구 불가능 시 OS 클린 재설치"
Microsoft 공식 레퍼런스,2026-08-07,소프트웨어,OS,"Windows 11 Stop Code 블루스크린 오류: ATTEMPTED_WRITE_TO_CM_PROTECTED_READONLY_PAGE (0x0000011C) - 보호된 읽기 전용 CM 페이지 무단 쓰기 시도.","1. Shift+다시시작으로 안전모드 진입 2. 장치관리자 드라이버 롤백/제거 3. dism /restorehealth 및 sfc /scannow 4. 복구 불가능 시 OS 클린 재설치"
Microsoft 공식 레퍼런스,2026-08-07,소프트웨어,OS,"Windows 11 Stop Code 블루스크린 오류: EVENT_TRACING_FATAL_ERROR (0x0000011D) - 이벤트 트레이싱(ETW) 치명적 에러.","1. Shift+다시시작으로 안전모드 진입 2. 장치관리자 드라이버 롤백/제거 3. dism /restorehealth 및 sfc /scannow 4. 복구 불가능 시 OS 클린 재설치"
Microsoft 공식 레퍼런스,2026-08-07,소프트웨어,OS,"Windows 11 Stop Code 블루스크린 오류: FAULTY_HARDWARE_CORRUPTED_PAGE (0x0000012B) - 불량 물리 메모리(RAM) 카드로 인한 페이지 파손.","1. Shift+다시시작으로 안전모드 진입 2. 장치관리자 드라이버 롤백/제거 3. dism /restorehealth 및 sfc /scannow 4. 복구 불가능 시 OS 클린 재설치"
Microsoft 공식 레퍼런스,2026-08-07,소프트웨어,OS,"Windows 11 Stop Code 블루스크린 오류: KERNEL_MODE_HEAP_CORRUPTION (0x0000013A) - 커널 모드 힙 메모리 덮어쓰기 파손.","1. Shift+다시시작으로 안전모드 진입 2. 장치관리자 드라이버 롤백/제거 3. dism /restorehealth 및 sfc /scannow 4. 복구 불가능 시 OS 클린 재설치"
Microsoft 공식 레퍼런스,2026-08-07,소프트웨어,OS,"Windows 11 Stop Code 블루스크린 오류: BUGCODE_USB3_DRIVER (0x00000144) - USB 3.0 포트 드라이버 버그 코드 발생.","1. Shift+다시시작으로 안전모드 진입 2. 장치관리자 드라이버 롤백/제거 3. dism /restorehealth 및 sfc /scannow 4. 복구 불가능 시 OS 클린 재설치"
Microsoft 공식 레퍼런스,2026-08-07,소프트웨어,OS,"Windows 11 Stop Code 블루스크린 오류: SOC_SUBSYSTEM_FAILURE (0x0000014B) - SoC 원칩 하드웨어 서브시스템 실패.","1. Shift+다시시작으로 안전모드 진입 2. 장치관리자 드라이버 롤백/제거 3. dism /restorehealth 및 sfc /scannow 4. 복구 불가능 시 OS 클린 재설치"
Microsoft 공식 레퍼런스,2026-08-07,소프트웨어,OS,"Windows 11 Stop Code 블루스크린 오류: WIN32K_CRITICAL_FAILURE (0x00000164) - win32k.sys 그래픽 서브시스템 치명적 오류.","1. Shift+다시시작으로 안전모드 진입 2. 장치관리자 드라이버 롤백/제거 3. dism /restorehealth 및 sfc /scannow 4. 복구 불가능 시 OS 클린 재설치"
Microsoft 공식 레퍼런스,2026-08-07,소프트웨어,OS,"Windows 11 Stop Code 블루스크린 오류: MICROCODE_REVISION_MISMATCH (0x0000017E) - CPU 마이크로코드 바이오스 릴리즈 불일치.","1. Shift+다시시작으로 안전모드 진입 2. 장치관리자 드라이버 롤백/제거 3. dism /restorehealth 및 sfc /scannow 4. 복구 불가능 시 OS 클린 재설치"
Microsoft 공식 레퍼런스,2026-08-07,소프트웨어,OS,"Windows 11 Stop Code 블루스크린 오류: KERNEL_AUTO_BOOST_INVALID_LOCK_RELEASE (0x00000192) - 커널 오토 부스트 잠금 해제 무효.","1. Shift+다시시작으로 안전모드 진입 2. 장치관리자 드라이버 롤백/제거 3. dism /restorehealth 및 sfc /scannow 4. 복구 불가능 시 OS 클린 재설치"
Microsoft 공식 레퍼런스,2026-08-07,소프트웨어,OS,"Windows 11 Stop Code 블루스크린 오류: WIN32K_POWER_WATCHDOG_TIMEOUT (0x0000019C) - win32k 전원 관리 와치독 타임아웃.","1. Shift+다시시작으로 안전모드 진입 2. 장치관리자 드라이버 롤백/제거 3. dism /restorehealth 및 sfc /scannow 4. 복구 불가능 시 OS 클린 재설치"
Microsoft 공식 레퍼런스,2026-08-07,소프트웨어,OS,"Windows 11 Stop Code 블루스크린 오류: WIN32K_CALLOUT_WATCHDOG_TIMEOUT (0x000001A1) - win32k 콜아웃 와치독 타임아웃.","1. Shift+다시시작으로 안전모드 진입 2. 장치관리자 드라이버 롤백/제거 3. dism /restorehealth 및 sfc /scannow 4. 복구 불가능 시 OS 클린 재설치"
Microsoft 공식 레퍼런스,2026-08-07,소프트웨어,OS,"Windows 11 Stop Code 블루스크린 오류: STORE_DATA_STRUCTURE_CORRUPTION (0x000001C7) - 메모리 압축 스토어 구조체 파손.","1. Shift+다시시작으로 안전모드 진입 2. 장치관리자 드라이버 롤백/제거 3. dism /restorehealth 및 sfc /scannow 4. 복구 불가능 시 OS 클린 재설치"
Microsoft 공식 레퍼런스,2026-08-07,소프트웨어,OS,"Windows 11 Stop Code 블루스크린 오류: UCMUCSI_FAILURE (0x000001D4) - USB-C 타입 전원 전달(PD) 커널 드라이버 에러.","1. Shift+다시시작으로 안전모드 진입 2. 장치관리자 드라이버 롤백/제거 3. dism /restorehealth 및 sfc /scannow 4. 복구 불가능 시 OS 클린 재설치"
Microsoft 공식 레퍼런스,2026-08-07,소프트웨어,OS,"Windows 11 Stop Code 블루스크린 오류: PROMETHEUS_DRIVER_FATAL_ERROR (0x000001E3) - Prometheus 보안 드라이버 치명적 오류.","1. Shift+다시시작으로 안전모드 진입 2. 장치관리자 드라이버 롤백/제거 3. dism /restorehealth 및 sfc /scannow 4. 복구 불가능 시 OS 클린 재설치"
Microsoft 공식 레퍼런스,2026-08-07,소프트웨어,OS,"Windows 11 Stop Code 블루스크린 오류: SYNTHETIC_HEARTBEAT_TIMEOUT (0x000001FC) - 가상화 Hyper-V 헬스 하트비트 타임아웃.","1. Shift+다시시작으로 안전모드 진입 2. 장치관리자 드라이버 롤백/제거 3. dism /restorehealth 및 sfc /scannow 4. 복구 불가능 시 OS 클린 재설치"
PC 트러블슈팅 가이드,01-02,하드웨어,기타,"삼성 복합기 스캔 문의","복합기 등록 안내"
PC 트러블슈팅 가이드,01-02,소프트웨어,기본 프로그램,"아웃룩 대용량 첨부파일 안열림","사내 메신저 - 고객센터 - 애드인 확장기능 다운 안내"
PC 트러블슈팅 가이드,01-02,하드웨어,노트북,"26층 노트북 한대 셋팅 요청","셋팅 완료"
PC 트러블슈팅 가이드,01-03,하드웨어,노트북,"연말정산 노트북 렌탈 문의","노트북 셋팅 후 지급 예정"
PC 트러블슈팅 가이드,01-03,네트워크,IP,"IP변경 문의","전산관리자 IP신청안내"
PC 트러블슈팅 가이드,01-04,소프트웨어,드라이버,"사내 메신저 전자결재 안열림","사내 메신저 - 고객센터 - 사내 메신저 뷰어 다운로드 안내"
PC 트러블슈팅 가이드,01-04,하드웨어,노트북,"렌탈 노트북 계정 문의","AD 삭제 안내"
PC 트러블슈팅 가이드,01-04,소프트웨어,기본 프로그램,"신도 복합기 출력 문의","복합기 드라이버 설치"
PC 트러블슈팅 가이드,01-04,하드웨어,노트북,"노트북 포맷 요청","노트북 포맷"
PC 트러블슈팅 가이드,01-04,하드웨어,기타,"26층 TF 복합기 셋팅 문의","드라이버 설치 및 테스트"
PC 트러블슈팅 가이드,01-04,네트워크,IP,"네트워크 문의","IP 입력 후 SSID 입력"
PC 트러블슈팅 가이드,01-04,네트워크,문의,"서피스 ICT망 접속 문의","ICT담당자 안내"
PC 트러블슈팅 가이드,01-04,소프트웨어,기본 프로그램,"공용 업무 PC 메일 연동 삭제 문의","제어판 - 메일 - 전자 메일계정 삭제"
PC 트러블슈팅 가이드,01-05,하드웨어,포맷,"노트북 포맷","포맷 및 셋팅 완료"
PC 트러블슈팅 가이드,01-05,네트워크,IP,"IP 입력 문의","서브넷 마스크 / 기본 게이트웨이 / DNS 안내"
PC 트러블슈팅 가이드,01-05,하드웨어,노트북,"인사발령 입사자 노트북 신청 문의","노트북 신청 안내 완료"
PC 트러블슈팅 가이드,01-08,소프트웨어,기본 프로그램,"복합기 스캔 등록 문의","복합기 드라이버 설치"
PC 트러블슈팅 가이드,01-08,소프트웨어,기본 프로그램,"사내 메신저 전자결재 안열림","사내 메신저 드라이버 설치 안내"
PC 트러블슈팅 가이드,01-08,하드웨어,노트북,"PC 노후화 교체 문의","노트북 노후화로 인한 교체 예정"
PC 트러블슈팅 가이드,01-08,소프트웨어,기타,"회의실 줌 화상회의 문의","화상회의 점검 및 정상 작동 확인"
PC 트러블슈팅 가이드,01-09,소프트웨어,드라이버,"신도 복합기 계정 문의","복합기 패스워드 초기화 안내"
PC 트러블슈팅 가이드,01-09,네트워크,IP,"IP 변경 문의","보안 솔루션 - OTP요청 - 코드 전산관리자 안내"
PC 트러블슈팅 가이드,01-09,네트워크,IP,"네트워크 연결 문의","전산관리자 윕스 등록 및 맥 초기화 안내"
PC 트러블슈팅 가이드,01-10,소프트웨어,기본 프로그램,"노트북 셋팅 문의","보안 소프트웨어 설치 완료"
PC 트러블슈팅 가이드,01-10,소프트웨어,기타,"윈도우 패스워드 문의","업무 부서 김동욱 패스워드 초기화 안내"
PC 트러블슈팅 가이드,01-10,하드웨어,포맷,"PC 포맷 요청","포맷 및 셋팅 완료"
PC 트러블슈팅 가이드,01-11,하드웨어,노트북,"연말정산 노트북 셋팅 문의","노트북 셋팅 안내"
PC 트러블슈팅 가이드,01-11,하드웨어,노트북,"26층 TF노트북 1대 교체 문의","확인 후 안내 예정"
PC 트러블슈팅 가이드,01-11,하드웨어,포맷,"면접용 노트북 포맷 문의","포맷 및 셋팅 완료"
PC 트러블슈팅 가이드,01-12,소프트웨어,기본 프로그램,"면접용 노트북 셋팅","노트북 셋팅"
PC 트러블슈팅 가이드,01-12,하드웨어,데스크탑,"26층 TF 노트북 1대 교체 문의","신청 및 교체 안내"
PC 트러블슈팅 가이드,01-15,소프트웨어,드라이버,"삼성 복합기 스캔 문의","카드 등록 후 사용 안내"
PC 트러블슈팅 가이드,01-15,하드웨어,기타,"연말정산 노트북 셋팅 문의","셋팅 완료"
PC 트러블슈팅 가이드,01-15,소프트웨어,드라이버,"삼성 복합기 드라이버 설치 문의","이지 프린터 재설치 안내"
PC 트러블슈팅 가이드,01-15,하드웨어,노트북,"26층 노트북 교체 문의","교체 완료"
PC 트러블슈팅 가이드,01-15,하드웨어,노트북,"26층 TF노트북 교체 문의","노트북 교체 및 셋팅 완료"
PC 트러블슈팅 가이드,01-15,소프트웨어,기타,"사내 메신저 전자결재 안열림","사내 메신저 접속 정상"
PC 트러블슈팅 가이드,01-15,소프트웨어,드라이버,"사내 메신저 메신져 문의","사내 메신저 메신져 다운로드"
PC 트러블슈팅 가이드,01-16,하드웨어,노트북,"렌탈 노트북 문의","렌탈 진행 안내"
PC 트러블슈팅 가이드,01-16,소프트웨어,드라이버,"삼성 스캔 복합기 등록 문의","사번/사번 로그인 후 카드 등록"
PC 트러블슈팅 가이드,01-17,하드웨어,노트북,"노트북 포맷 신청 문의","포맷 신청 완료"
PC 트러블슈팅 가이드,01-17,소프트웨어,기본 프로그램,"연말정산 노트북 포맷 문의","포맷 및 셋팅 완료"
PC 트러블슈팅 가이드,01-17,하드웨어,모니터,"모니터 신청 문의","모니터 신청 및 지급"
PC 트러블슈팅 가이드,01-17,하드웨어,포맷,"노트북 포맷 문의","포맷 완료"
PC 트러블슈팅 가이드,01-17,소프트웨어,기본 프로그램,"사내 메신저 메신져 문의","메신져 도메인주소 corp.com -> corpsystems.com 변경 후 정상"
PC 트러블슈팅 가이드,01-17,소프트웨어,드라이버,"삼성 복합기 스캔 등록 문의","지원업무 - IT - OA 일반업무망 복합기 드라이버 설치 안내"
PC 트러블슈팅 가이드,01-17,소프트웨어,드라이버,"무선 마우스 페어링 문의","페어링 연결 완료"
PC 트러블슈팅 가이드,01-18,소프트웨어,드라이버,"신도리코 출력 문의","신도 복합기드라이버 재설치"
PC 트러블슈팅 가이드,01-18,소프트웨어,기본 프로그램,"모니터 화면","화면 해상도 조정"
PC 트러블슈팅 가이드,01-18,소프트웨어,기본 프로그램,"화면 해상도 문의","해상도 조절 완료"
PC 트러블슈팅 가이드,01-19,소프트웨어,기본 프로그램,"회의실 모니터 문의","듀얼모니터 설정 완료"
PC 트러블슈팅 가이드,01-22,하드웨어,모니터,"모니터 교체 문의","모니터 교체 완료"
PC 트러블슈팅 가이드,01-22,네트워크,문의,"삼성 복합기 네트워크 문의","복합기 SSID 변경 후 정상"
PC 트러블슈팅 가이드,01-22,네트워크,IP,"DNS 변경 문의","DNS 배치파일 전달"
PC 트러블슈팅 가이드,01-22,하드웨어,노트북,"김연철 대표이사 노후 PC 교체문의","사내 메신저 - PC신청서 안내"
PC 트러블슈팅 가이드,01-23,소프트웨어,기본 프로그램,"삼성 복합기 스캔 문의","삼성 복합기 관리자 등록 안내"
PC 트러블슈팅 가이드,01-23,소프트웨어,기본 프로그램,"업무용 노트북 보안 소프트웨어 설치 문의","보안 소프트웨어 가이드"
PC 트러블슈팅 가이드,01-24,네트워크,IP,"ICT망 네트워크 연결 문의","일시적 오류 반복 증상시 문의 요청"
PC 트러블슈팅 가이드,01-25,네트워크,IP,"네트워크 끊킴 문의","SSID 재연결 후 정상"
PC 트러블슈팅 가이드,01-25,소프트웨어,기타,"회의실 CMOS 문의","CMOS 안내 완료"
PC 트러블슈팅 가이드,01-26,네트워크,문의,"네트워크 끊킴 문의","네트워크 정상 작동"
PC 트러블슈팅 가이드,01-29,소프트웨어,기본 프로그램,"사내 메신저 패스워드 변경 문의","사내 메신저 환경설정 안내"
PC 트러블슈팅 가이드,01-29,하드웨어,노트북,"노트북 교체문의","업무 부서 확인 후 교체 예정"
PC 트러블슈팅 가이드,01-29,소프트웨어,기본 프로그램,"회의실 빔프로젝트 연결 문의","케이블 빠짐으로 연결 정상 작동"
PC 트러블슈팅 가이드,01-29,소프트웨어,기본 프로그램,"접견실 화상회의 테스트 요청","화상회의 점검 및 정상 작동 확인"
PC 트러블슈팅 가이드,01-29,네트워크,문의,"네트워크 연결 문의","네트워크 끊킴 정상 작동"
PC 트러블슈팅 가이드,01-30,소프트웨어,기타,"삼성 복합기 스캔 문의","복합기 네트워크 정상 연결"
PC 트러블슈팅 가이드,01-30,네트워크,IP,"방송실 노트북 네트워크 문의","네트워크 차단으로 전산관리자 해제 요청"
PC 트러블슈팅 가이드,01-30,소프트웨어,기본 프로그램,"복합기 출력 문의","복합기 등록 완료"
PC 트러블슈팅 가이드,01-30,하드웨어,노트북,"노트북 신청 문의","전자결재 노트북 신청 안내"
PC 트러블슈팅 가이드,01-30,소프트웨어,기타,"랜카드 교체 문의","랜카드 교체 예정"
PC 트러블슈팅 가이드,02-01,소프트웨어,기본 프로그램,"26층 사내 메신저 접속 문의","사내 메신저 고객센터 안내"
PC 트러블슈팅 가이드,02-01,하드웨어,노트북,"노트북 교체 요청","노트북 노후화로 인한 교체"
PC 트러블슈팅 가이드,02-01,하드웨어,노트북,"일반망 노트북 신청 문의","사내 메신저 노트북 신청 안내"
PC 트러블슈팅 가이드,02-05,네트워크,문의,"ICT망 네트워크 연결 문의","네트워크 담당자 안ㄴ"
PC 트러블슈팅 가이드,02-05,네트워크,문의,"네트워크 끊킴","CORP_WIFI_SEC -> CORP_WIFI 안내"
PC 트러블슈팅 가이드,02-07,소프트웨어,드라이버,"신도리코 복합기 출력 문의","복합기 최초등록 후 정상"
PC 트러블슈팅 가이드,02-07,소프트웨어,기본 프로그램,"개인프린터 문의","정착기 교체 예정"
PC 트러블슈팅 가이드,02-13,소프트웨어,기본 프로그램,"사내 메신저 계정 문의","사내 메신저 계정 연동 안내"
PC 트러블슈팅 가이드,02-13,하드웨어,노트북,"PC 교체 문의","노후화로 인한 교체 예정"
PC 트러블슈팅 가이드,02-13,소프트웨어,기타,"모니터 화면 문의","일시적 오류 반복 증상시 문의 요청"
PC 트러블슈팅 가이드,02-13,소프트웨어,기타,"모니터 교체 문의","패널 나감으로 인한 교체"
PC 트러블슈팅 가이드,02-14,소프트웨어,기본 프로그램,"26층 TF 복합기 셋팅 문의","복합기 드라이버 설치"
PC 트러블슈팅 가이드,02-20,소프트웨어,PDF,"PDF 안열림 문의","확장자 변경"
PC 트러블슈팅 가이드,02-20,소프트웨어,기타,"자산실사 사번 입력 문의","사내 개발망 미사용으로 인한 안내"
PC 트러블슈팅 가이드,02-20,하드웨어,모니터,"본사 발령으로 모니터 신청 문의","모니터 신청 및 안내"
PC 트러블슈팅 가이드,02-21,네트워크,기타,"네트워크 연결 끊킴 문의","CORP_WIFI_SEC -> CORP_WIFI 안내"
PC 트러블슈팅 가이드,02-23,하드웨어,노트북,"노후화 PC 교체 문의","5년 지난 PC 교체 예정 안내"
PC 트러블슈팅 가이드,02-26,소프트웨어,기본 프로그램,"복합기 최초등록 후 정상","복합기 최초등록 후 정상"
PC 트러블슈팅 가이드,02-28,소프트웨어,기본 프로그램,"신도리코 복합기 출력 문의","복합기 로그인 후 정상 출력"
PC 트러블슈팅 가이드,02-29,소프트웨어,기본 프로그램,"무선 키보드 / 마우스 페어링 문의","페어링 연결 완료"
PC 트러블슈팅 가이드,02-29,네트워크,문의,"와이파이 신호 세기 문의","CORP_WIFI_5G -> CORP_WIFI 신호 확인"
PC 트러블슈팅 가이드,02-29,네트워크,기타,"ICT망 노트북 네트워크 문의","CORP_GUEST-> 테스트 요청"
PC 트러블슈팅 가이드,02-29,하드웨어,모니터,"모니터 화면","케이블 변경"
PC 트러블슈팅 가이드,02-29,하드웨어,모니터,"화면 해상도 문의","해상도 변경"
PC 트러블슈팅 가이드,03-04,하드웨어,모니터,"34인치 모니터 신청 문의","34인치 모니터 지급"
PC 트러블슈팅 가이드,03-04,소프트웨어,기본 프로그램,"사내 메신저 로그인 문의","쿠키 삭제 및 초기화 후 정상 로그인"
PC 트러블슈팅 가이드,03-05,네트워크,문의,"임원실 네트워크 끊킴 및 느림","업무 부서 시스템 담당자 과 통화후 조치 예정"
PC 트러블슈팅 가이드,03-05,하드웨어,노트북,"PC-OFF 테스트로 인한 노트북 신청 문의","노트북 지급"
PC 트러블슈팅 가이드,03-06,네트워크,문의,"와이파이 연결 문의","CORP_WIFI 안내"
PC 트러블슈팅 가이드,03-06,소프트웨어,기본 프로그램,"망간전송 설치 문의","설치 URL 안내"
PC 트러블슈팅 가이드,03-08,소프트웨어,기본 프로그램,"알PDF 설치 문의","알툴즈 설치 안내"
PC 트러블슈팅 가이드,03-12,소프트웨어,기본 프로그램,"자산실사 사번 입력 문의","등록되지 않은 사번으로 나온다고하여 서버 등록"
PC 트러블슈팅 가이드,03-12,네트워크,문의,"IP 설정 문의","네트워크 설정 - IP입력 안내"
PC 트러블슈팅 가이드,03-13,하드웨어,포맷,"일반망 노트북 포맷 문의","노트북 포맷 및 셋팅 완료"
PC 트러블슈팅 가이드,03-13,소프트웨어,브라우저,"엣지 문서 다운로드 문의","다운로드 안내"
PC 트러블슈팅 가이드,03-14,하드웨어,모니터,"모니터 화면 안나옴","케이블 빠짐으로 연결 정상 작동"
PC 트러블슈팅 가이드,03-14,소프트웨어,기본 프로그램,"회의실 화상회의 줌 연결 문의","화상회의 점검 및 정상 작동 확인"
PC 트러블슈팅 가이드,03-14,소프트웨어,메신저,"사내 개발망 메신저 로그인 문의","도메인 주소 corp.com -> corp-rd.com"
PC 트러블슈팅 가이드,03-15,하드웨어,노트북,"전배로 인한 노트북 신청 문의","노트북 신청 안내 완료"
PC 트러블슈팅 가이드,03-18,네트워크,IP,"IP신청 문의","사내 메신저 - 전자결재 안내"
PC 트러블슈팅 가이드,03-18,하드웨어,기타,"신도리코 복합기 출력 문의","신도리코 담당자 안내"
PC 트러블슈팅 가이드,03-20,하드웨어,기타,"모니터 듀얼 설정 문의","모니터 동시화면 설정 안내"
PC 트러블슈팅 가이드,03-22,하드웨어,노트북,"노트북 포맷 문의","노트북 포맷"
PC 트러블슈팅 가이드,03-22,소프트웨어,기본 프로그램,"사내 메신저 패스워드 초기화","업무 부서 김동욱 패스워드 초기화 안내"
PC 트러블슈팅 가이드,03-26,하드웨어,노트북,"노트북 노후화로 인한 교체 문의","전자결재 PC신청서 안내"
PC 트러블슈팅 가이드,03-27,네트워크,IP,"일반망 IP신청 문의","전산관리자 안내"
PC 트러블슈팅 가이드,03-28,네트워크,문의,"넷기어 고장으로 인한 교체","네트워크 정상 작동"
PC 트러블슈팅 가이드,03-29,소프트웨어,기본 프로그램,"워드문서 안열리고 깨짐 문의","DRM 담당자 안내"
PC 트러블슈팅 가이드,04-01,소프트웨어,기본 프로그램,"무선 키보드 페어링 문의","키보드 페어링 완료"
PC 트러블슈팅 가이드,04-03,하드웨어,노트북,"사내 개발망 신청 문의","사내 메신저 전자결재 신청서 안내"
PC 트러블슈팅 가이드,04-08,하드웨어,노트북,"메인보드 불량","노트북 교체"
PC 트러블슈팅 가이드,04-08,소프트웨어,기본 프로그램,"SSl 인증서 설치 요청","설치"
PC 트러블슈팅 가이드,04-08,소프트웨어,기본 프로그램,"DNS변경 요청","변경 완료"
PC 트러블슈팅 가이드,04-11,하드웨어,모니터,"모니터 노후화 교체 문의","모니터 교체 완료"
PC 트러블슈팅 가이드,04-11,소프트웨어,기본 프로그램,"외부메일 발송시 패스워드 문의","오피스 메일 첨부파일 암호화 예외 안내"
PC 트러블슈팅 가이드,04-12,하드웨어,노트북,"인사발령으로 인한 PC신청 문의","PC 지급 안내"
PC 트러블슈팅 가이드,04-12,하드웨어,포맷,"포맷 후 보안 소프트웨어 설치","보안 소프트웨어 설치"
PC 트러블슈팅 가이드,04-15,소프트웨어,메신저,"메신져 오류 문의","사내 메신저 메신져 재설치 후 정상"
PC 트러블슈팅 가이드,04-16,소프트웨어,기본 프로그램,"무선 마우프 페어링 문의","페어링 연결 완료"
PC 트러블슈팅 가이드,04-16,네트워크,문의,"사내개방망 네트워크 연결 문의","IP차단으로 인한 전산관리자 안내"
PC 트러블슈팅 가이드,04-16,소프트웨어,기본 프로그램,"아웃룩 실행 안됨 문의","아웃룩 애드인 재설치"
PC 트러블슈팅 가이드,04-17,소프트웨어,업데이트,"메신져 실행 문의","사내 메신저 - 고객센터 메신져 애드인 설치"
PC 트러블슈팅 가이드,04-18,하드웨어,저장장치,"파티션 C/D 하나로 통합 요청","파티션 통합"
PC 트러블슈팅 가이드,04-18,하드웨어,저장장치,"파티션 분할 요청","C/D 분할"
PC 트러블슈팅 가이드,04-19,하드웨어,모니터,"회의실 스크린 화면 복제 문의","복제 안내"
PC 트러블슈팅 가이드,04-22,네트워크,문의,"아이피 등록 문의","보안 솔루션 -OTP요청 후 코드 입력 후 아이피 입력"
PC 트러블슈팅 가이드,04-22,네트워크,문의,"네트워크 연결","CORP_WIFI -> CORP_WIFI_SEC 정상"
PC 트러블슈팅 가이드,04-22,소프트웨어,기본 프로그램,"자산실사 프로그램 실행 문의","자산실사 등록 안내"
PC 트러블슈팅 가이드,04-23,소프트웨어,라이센스,"오피스 정품인증 문의","제품키 전달"
PC 트러블슈팅 가이드,04-23,소프트웨어,메신저,"메신저 업그레이드 문의","사내 메신저 - 고객센터 메신져 애드인 설치"
PC 트러블슈팅 가이드,04-25,하드웨어,기타,"CMOS 패스워드 분실 문의","엘지 서비스센터 접수 후 해제 완료"
PC 트러블슈팅 가이드,04-25,하드웨어,노트북,"노트북 부팅 안됨 문의","배터리 교체 안내"
PC 트러블슈팅 가이드,04-26,하드웨어,노트북,"노트북 셋팅 문의","보안 소프트웨어 셋팅 완료"
PC 트러블슈팅 가이드,04-29,하드웨어,모니터,"모니터 화면 깨짐 문의","COSY 허브 교체 안내"
PC 트러블슈팅 가이드,04-29,소프트웨어,기타,"오피스 정품인증 문의","정품키 안내"
PC 트러블슈팅 가이드,04-30,소프트웨어,기본 프로그램,"무선 마우스 / 무선 키보드 페어링 문의","페어링 연결 완료"
PC 트러블슈팅 가이드,05-03,소프트웨어,기본 프로그램,"엑셀 파일 안열림 문의","DRM 문제로 인한 원격지원 담당자 안내"
PC 트러블슈팅 가이드,05-08,소프트웨어,기타,"메일 확인 문의","아웃룩 안읽은 메일 안내"
PC 트러블슈팅 가이드,05-21,소프트웨어,기본 프로그램,"인터넷 접속 안됨 문의","SSL 인증서 재설치 후 정상"
PC 트러블슈팅 가이드,05-21,소프트웨어,기타,"사내 개발망 자산실사 문의","자산실사 등록 안내"
PC 트러블슈팅 가이드,05-21,소프트웨어,기본 프로그램,"사내 메신저 패스워드 문의","사내 메신저 패스워드 초기화 안내"
PC 트러블슈팅 가이드,05-21,네트워크,기타,"SSID 패스워드 문의","패스워드 안내"
PC 트러블슈팅 가이드,05-21,소프트웨어,기타,"노트북 자료 이동 문의","외장하드로 자료 이동"
PC 트러블슈팅 가이드,05-22,하드웨어,포맷,"노트북 일반망 포맷 요청","포맷 후 셋팅 완료"
PC 트러블슈팅 가이드,05-29,하드웨어,기타,"모니터 해상도 문의","케이블 변경 후 해상도"
PC 트러블슈팅 가이드,06-03,소프트웨어,메신저,"업데이트 문의","안내 완료"
PC 트러블슈팅 가이드,06-03,소프트웨어,기본 프로그램,"MS 오피스 재설치 문의","안내 완료"
PC 트러블슈팅 가이드,06-12,하드웨어,데스크탑,"데스크탑 작동 오류 문의","안내 완료"
PC 트러블슈팅 가이드,06-12,네트워크,IP,"IP문의","전산관리자 안내 완료"
PC 트러블슈팅 가이드,06-12,하드웨어,노트북,"오디오 불량 문의","드라이버 재설치"
PC 트러블슈팅 가이드,06-12,소프트웨어,메신저,"아웃룩 파일 이동 요청","완료"
PC 트러블슈팅 가이드,06-13,하드웨어,저장장치,"C 드라이브 용량 변경 요청","C 드라이브 70기가 증설, D 드라이브 40기가 용량 변경 완료"
PC 트러블슈팅 가이드,06-13,소프트웨어,메신저,"아웃룩 용량 문의","안내 완료"
PC 트러블슈팅 가이드,06-13,하드웨어,저장장치,"휴직으로 인한 자료이동 요청","자료이동 하드디스크 대여"
PC 트러블슈팅 가이드,06-17,소프트웨어,기본 프로그램,"보안 설치 프로그램 노트북에 복사 요청","보안 설치 프로그램 복사"
PC 트러블슈팅 가이드,06-17,하드웨어,노트북,"노트북 버벅임 발생","LG AS요청 완료"
PC 트러블슈팅 가이드,06-18,하드웨어,노트북,"PC 포맷 요청","포맷 완료"
PC 트러블슈팅 가이드,06-18,소프트웨어,OS,"윈도우 비밀번호 해제 요청","조치 완료"
PC 트러블슈팅 가이드,06-18,네트워크,문의,"네트워크 끊김 문의","안내 완료"
PC 트러블슈팅 가이드,06-18,하드웨어,포맷,"내부 보안망 포멧 요청","조치 완료"
PC 트러블슈팅 가이드,06-25,하드웨어,데스크탑,"부팅불가","SSD 교체및 os 설치완료"
PC 트러블슈팅 가이드,06-25,네트워크,IP,"보안 소프트웨어 설치 문의","IP주소 확인 후 보안 소프트웨어설치완료"
PC 트러블슈팅 가이드,06-26,네트워크,기타,"네트워크 어댑터 사라짐","드라이버 재설치 및 WIFI 재설정완료"
PC 트러블슈팅 가이드,07-03,소프트웨어,기본 프로그램,"MS OFFICE 미구동","오피스 재설치완료"
PC 트러블슈팅 가이드,07-03,하드웨어,저장장치,"용량부족","SSD 증설완료"
PC 트러블슈팅 가이드,07-03,네트워크,IP,"전배로인한 IP 셋팅","IP 셋팅완료"
PC 트러블슈팅 가이드,07-04,네트워크,기타,"내부 보안망 연결체크","노후PC 사용중으로 교체안내 및 교체완료"
PC 트러블슈팅 가이드,07-05,하드웨어,저장장치,"SSD 증설요청","SSD 증설완료"
PC 트러블슈팅 가이드,07-19,소프트웨어,기타,"엑셀파일 오류 및 MS office 재설치 / 점검","엑셀 재설치 완료"
PC 트러블슈팅 가이드,07-23,소프트웨어,메신저,"메신저 로그인안됨","패스워드 초기화 안내완료"
PC 트러블슈팅 가이드,07-23,소프트웨어,기본 프로그램,"사내 개발망 망간자료전송 설치주소 요청","설치주소 전달완료"
PC 트러블슈팅 가이드,07-24,하드웨어,노트북,"일반업무망 노트북 교체문의","교체 절차안내완료"
PC 트러블슈팅 가이드,07-24,하드웨어,노트북,"일반업무망 노트북 교체 및 보안 소프트웨어 셋팅요청","교체 및 셋팅완료"
PC 트러블슈팅 가이드,07-24,하드웨어,노트북,"줌회의로인한 무선이어폰 연결작업요청","페어링 연결 완료"
PC 트러블슈팅 가이드,07-24,하드웨어,모니터,"모니터 해상도 배열 재조정요청","재조정완료"
PC 트러블슈팅 가이드,07-24,하드웨어,데스크탑,"하드웨어 고장으로인한 수리 절차 안내","절차 안내완료"
PC 트러블슈팅 가이드,07-24,소프트웨어,기타,"기술자료센터에 접속 시 404 오류해결요청","고객센터 02-6313-3114번 이관완료"
PC 트러블슈팅 가이드,07-24,네트워크,IP,"유선네트워크 -> 무선네트워크 변경요청","변경 완료"
PC 트러블슈팅 가이드,07-25,하드웨어,노트북,"신규노트북 보안 소프트웨어 설치요청","설치완료"
PC 트러블슈팅 가이드,07-29,네트워크,기타,"봇PC 네트워크안됨(13층)","에어로스페이스 미인가장비 탐지로인하여 담당자 이관완료"
PC 트러블슈팅 가이드,07-31,네트워크,IP,"IP 주소문의","안내완료"
PC 트러블슈팅 가이드,08-01,소프트웨어,기타,"사내 메신저 접속안됨","마이크로소프트 엣지 초기화완료"
PC 트러블슈팅 가이드,08-02,네트워크,IP,"미니PC IP주소 교체문의","교체절차 안내완료"
PC 트러블슈팅 가이드,08-02,소프트웨어,OS,"개발PC 사내 개발망 OS 설치요청","설치완료"
PC 트러블슈팅 가이드,08-05,하드웨어,노트북,"노트북 키보드 고장","OS 재설치 절차 안내완료"
PC 트러블슈팅 가이드,08-06,소프트웨어,기본 프로그램,"망간자료전송 실행안됨","망간자료전송 재설치완료"
PC 트러블슈팅 가이드,08-06,네트워크,기타,"CORP_WIFI 비밀번호 문의","비밀번호 안내완료"
PC 트러블슈팅 가이드,08-07,하드웨어,저장장치,"폐기SSD 파기결재 상신확인요청","상신완료"
PC 트러블슈팅 가이드,08-09,소프트웨어,OS,"Win11HOME에서 PRO 교체방법 문의","부서비용으로 소프트웨어 구매안내완료"
PC 트러블슈팅 가이드,08-26,네트워크,IP,"무선네트워크 -> 유선네트워크 변경요청","변경 완료"
PC 트러블슈팅 가이드,09-03,하드웨어,기타,"HDMI to HDMI 케이블 연결요청","HDMI 케이블 연결"
PC 트러블슈팅 가이드,09-10,하드웨어,저장장치,"프로젝트 문서 백업으로 인한 자료이동 요청","자료이동 하드디스크 대여"
PC 트러블슈팅 가이드,09-23,하드웨어,노트북,"노트북 일반망 포맷 요청","포맷 후 세팅 완료"
PC 트러블슈팅 가이드,09-26,소프트웨어,드라이버,"대표님 노트북 키보드 , 마우스 블루투스 연결 문의","블루투스 연결 완료"
PC 트러블슈팅 가이드,09-26,소프트웨어,기본 프로그램,"아웃룩 메일회수및 대용량 첨부 안됨 문의","아웃룩 애드인 재설치"
PC 트러블슈팅 가이드,10-11,네트워크,기타,"인터넷 접속 안됨 문의","ICT WIPS 차단 접속 확인작업및 담당자 조치후 정상접속 확인"
PC 트러블슈팅 가이드,10-14,소프트웨어,기본 프로그램,"엑셀 저장시 엑셀 팅김","오피스 재설치완료"
PC 트러블슈팅 가이드,10-17,소프트웨어,기본 프로그램,"강세호 실장님 아웃룩 설정 문의","아웃룩 계정 설정 후 정상 접속 확인"
PC 트러블슈팅 가이드,10-18,네트워크,기타,"네트워크 연결 끊김 문의","SSID 재연결 후 정상"
PC 트러블슈팅 가이드,10-21,하드웨어,모니터,"화면 해상도 문의및 화질 저하","그래픽카드 드라이버 삭제후 재설치및 해상도 변경"
PC 트러블슈팅 가이드,10-25,하드웨어,데스크탑,"사원증 발급 PC 안켜짐","멀티콘센트및 파워케이블 재연결후 정상작동"
PC 트러블슈팅 가이드,10-30,소프트웨어,기본 프로그램,"대표님 줌 실행시 오류창 발생","줌 재설치 및 타 사업장 줌 테스트"
PC 트러블슈팅 가이드,11-04,소프트웨어,기타,"GUL 훈민정음 파일 안열림","훈민정음 뷰어 설치후 MS워드 변환 프로그램 (GUL→DOCX) 변환안내"
PC 트러블슈팅 가이드,11-05,하드웨어,포맷,"보안 소프트웨어 설치 시 윈도우 오류 뜸","윈도우 포맷 후 재설치"
PC 트러블슈팅 가이드,11-07,소프트웨어,기타,"사내 메신저 품질관리시스템(품질관리시스템(QIS)) 접속 프로그램 TPLSvc 설치 안됨","TPLSvc.exe CMD에서 서비스 실행 후 해결"
PC 트러블슈팅 가이드,11-07,소프트웨어,기본 프로그램,"사내 메신저 접속 불","엣지 쿠키및 저장된 데이터 삭제후 접속 확인"
PC 트러블슈팅 가이드,11-26,소프트웨어,기본 프로그램,"대표님 PC 줌 점검 요청","줌 회의 참가 및 음질, 영상 테스트 완료"
PC 트러블슈팅 가이드,11-28,소프트웨어,기본 프로그램,"사내 메신저 뷰어 ENC 파일 안열림","사내 메신저 뷰어 종료 후 정상적으로 열림"
PC 트러블슈팅 가이드,11-29,소프트웨어,기본 프로그램,"엑셀실행시 ""죄송합니다. 콘텐츠에 문제가 발견되었습니다."" 메시지 뜸","오피스 재설치완료"
PC 트러블슈팅 가이드,12-02,소프트웨어,기본 프로그램,"샤크라 계정 만료 문의","고객센터 02-6313-3114번 이관완료"
PC 트러블슈팅 가이드,12-02,소프트웨어,기본 프로그램,"사내 메신저및 메신저 로그인 불","사내 메신저 비밀번호 초기화후 사내 메신저, 메신저 로그인 작동 정상확인"
PC 트러블슈팅 가이드,12-03,소프트웨어,기본 프로그램,"아웃룩 계정 설정 요청","아웃룩 계정 설정 후 정상 접속 확인"
PC 트러블슈팅 가이드,12-12,소프트웨어,기본 프로그램,"아웃룩 안열림","오피스 삭제후 재설치"
PC 트러블슈팅 가이드,12-12,소프트웨어,기본 프로그램,"오피스 엑셀 실행 불","오피스 삭제후 재설치"
PC 트러블슈팅 가이드,12-13,소프트웨어,기본 프로그램,"메신저 로그인 안됨","Add-in 재설치후 정상 로그인"
PC 트러블슈팅 가이드,12-16,네트워크,IP,"14층->13층 이동 후 인터넷 안됨","MAC값 ICT망 등록되어있어 WIPS 해제"
PC 트러블슈팅 가이드,12-16,네트워크,IP,"자리 이전 후 네트워크 안됨","무선랜카드 재장착 후 네트워크 연결 완료"
PC 트러블슈팅 가이드,12-16,네트워크,IP,"조직개편 사업장 전배로 네트워크 설정 요청","일반업무망 IP 세팅 가이드 지급"
PC 트러블슈팅 가이드,12-16,소프트웨어,기본 프로그램,"보증보험 발급 신청 문의","엣지 IE 모드 설정후 정상로그인"
PC 트러블슈팅 가이드,12-16,소프트웨어,기본 프로그램,"사번 변경으로 인한 메일 백업문의","사내 메신저 메일 백업후 아웃룩 복원 안내"
PC 트러블슈팅 가이드,12-16,소프트웨어,기본 프로그램,"경비전산 시스템 접속 불","엣지 IE 모드 설정후 정상로그인"
PC 트러블슈팅 가이드,12-18,하드웨어,기타,"모니터 연결요청","모니터 노트북이랑 연결 완료"
PC 트러블슈팅 가이드,12-20,네트워크,IP,"네트워크 연결 안됨","구형 DNS 삭제후 신규 DNS 입력 완료"
PC 트러블슈팅 가이드,12-30,하드웨어,저장장치,"D 드라이브 사라짐","메인보드 칩셋 드라이버 삭제후 재설치후 정상작동"
PC 트러블슈팅 가이드,01-02,네트워크,기타,"WIPS 미등록으로 인한 네트워크 통신 불","전산관리자 문의후 WIPS 사전등록 안내"
PC 트러블슈팅 가이드,01-02,소프트웨어,기본 프로그램,"PDF 안열림 문의","한 PDF 연결 등록 안내"
PC 트러블슈팅 가이드,01-03,소프트웨어,드라이버,"프린터 출력 불","복합기 드라이버 삭제후 재설치"
PC 트러블슈팅 가이드,01-14,소프트웨어,기본 프로그램,"아웃룩 메일 인증하라고 계속 뜸","아웃룩 메일 인증 완료"
PC 트러블슈팅 가이드,01-14,소프트웨어,기본 프로그램,"엣지 다운 증상","엣지 설정 초기화"
PC 트러블슈팅 가이드,01-14,소프트웨어,기본 프로그램,"스캔 불","삼성 복합기 관리자 스캔 설정 완료"
PC 트러블슈팅 가이드,01-14,소프트웨어,브라우저,"사내 메신저 접속 불","엣지 초기화후 정상작동"
PC 트러블슈팅 가이드,01-15,소프트웨어,브라우저,"사내 메신저 인사, 경비정산 탭 접속 안됨","윈도우 업데이트 후 정상 접속 확인"
PC 트러블슈팅 가이드,01-17,소프트웨어,기본 프로그램,"자산실사 업데이트 사번 미등록","김균우 주임께 아웃룩 메일로 등록 요청 안내"
PC 트러블슈팅 가이드,01-21,하드웨어,기타,"회의실 빔프로젝트 연결 불","장치관리자 드라이버 삭제후 재설치"
PC 트러블슈팅 가이드,02-05,소프트웨어,메신저,"SAP 실행 불","SapGui740_install 재설치"
PC 트러블슈팅 가이드,02-10,소프트웨어,기본 프로그램,"아웃룩 사서함 메일 꽉참","메일백업후 사서함 정리 안내"
PC 트러블슈팅 가이드,02-11,소프트웨어,기본 프로그램,"엣지 재설치 문의","엣지 삭제후 재설치"
PC 트러블슈팅 가이드,02-12,네트워크,IP,"IP 설정 문의","IP 셋팅완료"
PC 트러블슈팅 가이드,02-17,하드웨어,노트북,"노트북 반출 문의","전산관리자 안내"
PC 트러블슈팅 가이드,02-19,소프트웨어,기본 프로그램,"닷넷프레임 3.5 설치 불",".NET Framework 3.5(.NET 2.0 및 3.0 포함) 설치후 정상작동"
PC 트러블슈팅 가이드,02-19,소프트웨어,기타,"사내 메신저 로그인 문의","사내 메신저 비번 초기화 설정 안내"
PC 트러블슈팅 가이드,02-20,네트워크,기타,"사내 개발망 연결 문의","사내 개발망 연결 지원"
PC 트러블슈팅 가이드,02-20,소프트웨어,드라이버,"CAD 파일 안보임","그래픽카드 드라이버 삭제후 재설치및 해상도 변경"
PC 트러블슈팅 가이드,02-26,하드웨어,노트북,"EOS 관련 윈도우11 테스터 노트북 문의","EOS 관련 윈도우11 테스터 노트북 관련 안내"
PC 트러블슈팅 가이드,02-27,소프트웨어,OS,"PC 멈춤문의","램테스트 실시후 윈도우 최적화"
PC 트러블슈팅 가이드,03-10,소프트웨어,기본 프로그램,"사내 메신저 접속안됨","엣지 초기화후 정상작동"
PC 트러블슈팅 가이드,03-17,소프트웨어,드라이버,"회의실 복합기 연결 요청","회의실 복합기 연결"
PC 트러블슈팅 가이드,03-18,소프트웨어,드라이버,"스캔 안됨","스캐 드라이버 삭제후 재설치"
PC 트러블슈팅 가이드,03-20,소프트웨어,메신저,"메신저 로그인 안됨","메신저 삭제후 재설치및 메신저 업그레이드"
PC 트러블슈팅 가이드,03-20,소프트웨어,기본 프로그램,"아웃룩 메일 발송 안됨","아웃룩 사서함 메일 정리후 담당자 안내"
PC 트러블슈팅 가이드,03-21,하드웨어,모니터,"화면 안나옴","HDMI 케이블 교체후 정상작동"
PC 트러블슈팅 가이드,03-25,네트워크,IP,"일반망 접속 불","랜카드 드라이버 설치후 IP 주소 재설정"
PC 트러블슈팅 가이드,03-25,소프트웨어,기본 프로그램,"사내 메신저 비번 틀림","사내 메신저 비번 초기화 설정 안내"
PC 트러블슈팅 가이드,03-27,소프트웨어,기본 프로그램,"사내 메신저 사원찾기 정보 안보임","엣지 브라우저 초기화후 업데이트"
PC 트러블슈팅 가이드,03-27,하드웨어,포맷,"사내 개발망 PC 포맷 문의","사내 개발망 PC 포맷 안내"
PC 트러블슈팅 가이드,03-31,네트워크,IP,"사내 개발망 IP신청 문의","사내 메신저 - 전자결재 안내"
PC 트러블슈팅 가이드,03-31,소프트웨어,기본 프로그램,"노트북 포맷 문의","포맷 및 셋팅 완료"
PC 트러블슈팅 가이드,04-01,소프트웨어,기본 프로그램,"엣지 IE 모드 접속후 ACTIVE-X 설치안됨","엣지 IE 모드 설정후 ACTIVE-X 설치완료"
PC 트러블슈팅 가이드,04-01,소프트웨어,기본 프로그램,"사내 메신저 첨부파일 안열림","엣지 초기화후 정상작동"
PC 트러블슈팅 가이드,04-01,하드웨어,데스크탑,"램증설 문의","램종류 확인후 증설 안내"
PC 트러블슈팅 가이드,04-02,네트워크,IP,"사내 개발망 연결 문의","전산관리자 IP신청안내"
PC 트러블슈팅 가이드,04-10,소프트웨어,기본 프로그램,"안전환경 접속 불","안전환경"
PC 트러블슈팅 가이드,06-24,하드웨어,노트북,"CMOS 패스워드 설정 문의","방문하여 CMOS 암호 설정"
PC 트러블슈팅 가이드,06-25,하드웨어,기타,"kvm 스위치 설치","kvm 스위치 내부 보안망 일반망 설치"
PC 트러블슈팅 가이드,06-26,네트워크,기타,"내부 보안망 연결불가","랜케이블 교체"
PC 트러블슈팅 가이드,06-26,소프트웨어,브라우저,"국방전자조달시스템","파일 비교 실수로 정상파일 선택 후 정상 진본성파일 오류 해결"
PC 트러블슈팅 가이드,06-26,소프트웨어,기본 프로그램,"엑셀 ACL 모드 오류","문서보안(DRM) 에러로 SAFE 모드 안내"
PC 트러블슈팅 가이드,06-27,네트워크,IP,"사내 개발망 접속오류","아이피 기한 만료로 새로 발급"
PC 트러블슈팅 가이드,06-27,소프트웨어,메신저,"메신저 왼쪽 메뉴바 안보임","사내 메신저 메신저 재설치 후 정상"
PC 트러블슈팅 가이드,06-27,소프트웨어,기본 프로그램,"보안 소프트웨어 설치 지원","보안 소프트웨어 설치 안내"
PC 트러블슈팅 가이드,06-27,소프트웨어,기본 프로그램,"프린트 설정","스캔 설정"
PC 트러블슈팅 가이드,07-01,하드웨어,데스크탑,"미니PC 포맷 신청 문의","미니PC 포맷 완료"
PC 트러블슈팅 가이드,07-03,하드웨어,노트북,"노트북 세팅","노트북 세팅 완료"
PC 트러블슈팅 가이드,07-03,하드웨어,모니터,"노후 모니터 교체","노후 모니터 교체 완료"
PC 트러블슈팅 가이드,07-07,소프트웨어,기본프로그램,"PC 포맷 신청서 문의","PC 포맷 신청서 접수건 안내"
PC 트러블슈팅 가이드,07-07,하드웨어,노트북,"PC 하드 분할 요청","PC 하드 분할 완료"
PC 트러블슈팅 가이드,07-09,하드웨어,노트북,"노후 모니터 교체","노트북 수령 완료"
PC 트러블슈팅 가이드,07-10,소프트웨어,기본 프로그램,"기본 프로그램 설치 문의","기본프로그램 설치 완료"
PC 트러블슈팅 가이드,07-10,소프트웨어,기본 프로그램,"신규 PC로 자료 이전","자료 이전 완료"
PC 트러블슈팅 가이드,07-18,소프트웨어,기본 프로그램,"기존 PC 자료 이전","기존 PC 자료 이전 완료"
PC 트러블슈팅 가이드,07-18,소프트웨어,기본 프로그램,"스캔 설정 문읩","스캔 설정 완료"
PC 트러블슈팅 가이드,07-21,소프트웨어,기본 프로그램,"한글 설치 문의","한글 설치 완료"
PC 트러블슈팅 가이드,07-25,소프트웨어,메신저,"아웃룩 문의","아웃룩 이메일 PST 파일 연결"
PC 트러블슈팅 가이드,02/01(목),소프트웨어,메신저,"대용량 파일 전송오류","아웃룩 프로그램 재설치"
PC 트러블슈팅 가이드,02/02(금),네트워크,문의,"일반망 WIFI 연결안됨","일반망 WIFI 설정 후 정상연결 확인"
PC 트러블슈팅 가이드,02/02(금),네트워크,문의,"일반망 네트워크 세팅 요청","일반망 네트워크 어뎁터 및 WIFI 설정 완료"
PC 트러블슈팅 가이드,02/05(월),하드웨어,저장장치,"C드라이브 용량 확장요청","30GB확장완료"
PC 트러블슈팅 가이드,02/05(월),하드웨어,데스크탑,"개발용PC PCI모듈점검","PC 분해후 점검완료"
PC 트러블슈팅 가이드,02/05(월),소프트웨어,메신저,"outlook 대용량 첨부불가","cubelook 재설치 후 대용량첨부 기능 정상"
PC 트러블슈팅 가이드,02/06(화),네트워크,문의,"내부 보안망 네트워크 접속오류","무선인증솔루션 재설정 왼료"
PC 트러블슈팅 가이드,02/07(수),하드웨어,노트북,"PC반출로 인한 PC포맷 요청","포맷 신청서 확인 후 작업완료"
PC 트러블슈팅 가이드,02/07(수),하드웨어,기타,"무선 키보드 마우스 연결 오류","블루투스 동글 연결후 페어링 완료"
PC 트러블슈팅 가이드,02/07(수),소프트웨어,메신저,"일반망PC 사내 메신저 옵션 표출 오류","PC재부팅 및 메신저 재접속"
PC 트러블슈팅 가이드,02/13(화),소프트웨어,기타,"PC 오류","PC 재부팅완료"
PC 트러블슈팅 가이드,02/13(화),소프트웨어,기타,"로그인 후 윈도우로 안넘어감","PC 재부팅완료"
PC 트러블슈팅 가이드,02/13(화),소프트웨어,기타,"프린터 ID/PW 오류해결","출력이력시스템 인사연동 문제로 PC지원 담당자 이관완료"
PC 트러블슈팅 가이드,02/13(화),하드웨어,데스크탑,"WIFI 안잡힘","무선랜카드 교체완료"
PC 트러블슈팅 가이드,02/13(화),하드웨어,데스크탑,"PC 탄냄새남","파워서플라이 교체완료"
PC 트러블슈팅 가이드,02/13(화),소프트웨어,드라이버,"프린터 안됨","프린터 ID 재설정완료"
PC 트러블슈팅 가이드,02/13(화),하드웨어,저장장치,"SSD 장착","SSD 장착완료"
PC 트러블슈팅 가이드,02/14(수),소프트웨어,OS,"PC 포맷요청/보안 소프트웨어 설치요청/자료없음","제고데스크탑 교체완료"
PC 트러블슈팅 가이드,02/15(목),하드웨어,기타,"내부 보안망 인터넷 안됨","파티션 문제로 LAN 수리신청서 상신안내완료"
PC 트러블슈팅 가이드,02/15(목),하드웨어,기타,"노트PC와 키보드 마우스 연결 불능","유니파잉 제셋팅완료"
PC 트러블슈팅 가이드,02/15(목),하드웨어,기타,"개발 업무에 차질이 있어 기존 모니터 교체","34인치 모니터 교체완료"
PC 트러블슈팅 가이드,02/15(목),소프트웨어,OS,"PC 로그인 계정 잠금현상 처리 및 무선네트워크 설정","계정잠금해제완료, IP 설정완료"
PC 트러블슈팅 가이드,02/15(목),소프트웨어,OS,"내부 보안망 교체","보안 소프트웨어 셋팅완료"
PC 트러블슈팅 가이드,02/15(목),하드웨어,기타,"노후PC 교체","노후PC 교체완료"
PC 트러블슈팅 가이드,02/15(목),소프트웨어,기본 프로그램,"엑셀 사른이름저장안됨/SAP 설치요청","오피스재설치완료, SAP 설치완료"
PC 트러블슈팅 가이드,02/15(목),소프트웨어,기본 프로그램,"메신저 오류","메신저 재설치완료"
PC 트러블슈팅 가이드,02/16(금),소프트웨어,기본 프로그램,"문서보안(DRM) 로그인 불가","PC 재부팅완료"
PC 트러블슈팅 가이드,02/16(금),하드웨어,노트북,"네트워크 접속 불가","WiPS 해제완료"
PC 트러블슈팅 가이드,02/19(월),소프트웨어,메신저,"아웃록(메신저) 연결 관련 오류","비밀번호 초기화 후 정상작동완료"
PC 트러블슈팅 가이드,02/19(월),네트워크,문의,"일반망 PC 네트워크 연결 불량","네트워크 어댑터 설정 초기화"
PC 트러블슈팅 가이드,02/20(화),네트워크,IP,"내부 보안망PC 네트워크 연결불량","IP 다중MAC 연결 확인 후 IP초기화 완료"
PC 트러블슈팅 가이드,02/20(화),소프트웨어,라이센스,"내부 보안망PC 윈도우 라이선스 인증오류","내부 보안망PC 네트워크 연결후 인증상태 확인"
PC 트러블슈팅 가이드,02/20(화),하드웨어,노트북,"일반망PC 노트북 전원 불량","장시간 충전기 미연결로 인한 방전상태로 10분정도 연결후 정상동작 확인"
PC 트러블슈팅 가이드,02/21(수),하드웨어,노트북,"CMOS PW 설정방법 문의","BIOS진입 방법 및 PW 설정방법 가이드 완료"
PC 트러블슈팅 가이드,02/21(수),네트워크,문의,"내부 보안망PC 네트워크 연결불량","내부 보안망 네트워크 어뎁터설정 완료"
PC 트러블슈팅 가이드,02/21(수),하드웨어,모니터,"듀얼모니터 설정시 해상도 오류 발생","듀얼 모니터 미설정 및 권장해상도 미설정 확인 및 재설정 완료"
PC 트러블슈팅 가이드,02/22(목),네트워크,IP,"일반망PC 네트워크 연결상태불량","일반망 고정IP 입스 등록 여부 및 IP 초기화 요청 및 네트워크 설정 초기화 작업완료"
PC 트러블슈팅 가이드,02/22(목),소프트웨어,기본 프로그램,"한글파일 실행불가","한글오피스 재설치 후 정상확인"
PC 트러블슈팅 가이드,02/26(월),네트워크,문의,"일반망PC 네트워크 연결상태불량","네트워크 어댑터 설정 초기화"
PC 트러블슈팅 가이드,02/26(월),하드웨어,모니터,"PC연결시 해상도 깨짐 현상발생","PC 디스플레이 해상도 및 주사율 설정완료"
PC 트러블슈팅 가이드,02/27(화),소프트웨어,메신저,"일반망 메신져 옵션 표출 안됨","사내 메신저 재실행후 정상표출 완료"
PC 트러블슈팅 가이드,02/27(화),소프트웨어,메신저,"일반망 메신저 로그인 안됨","사내 메신저 PW초기화 후 로그인 완료"
PC 트러블슈팅 가이드,02/28(수),하드웨어,모니터,"모니터 해상도 불량","노트북 디스플레이 설정완료"
PC 트러블슈팅 가이드,02/29(목),하드웨어,노트북,"배터리고장","PC반납 및 교체, 데이터 백업완료"
PC 트러블슈팅 가이드,02/29(목),소프트웨어,메신저,"내부 보안망 메신져 접속불가","내부 보안망네트워크 오류 확인 후 무선인증솔루션 재인증"
PC 트러블슈팅 가이드,02/29(목),하드웨어,노트북,"내부 보안망PC HDMI포트 고장","PC반납 및 교체, 데이터 백업완료"
PC 트러블슈팅 가이드,03/06(수),네트워크,IP,"네트워크 접속 불가","이전 DNS서버 사용중으로 변경완료"
PC 트러블슈팅 가이드,03/06(수),하드웨어,모니터,"모니터 화면 깨짐현상발생","노트북 해상도 설정완료"
PC 트러블슈팅 가이드,03/06(수),네트워크,문의,"망연계 시스템 접속오류발생","네트워크 설정 초기화 후 재접속 완료"
PC 트러블슈팅 가이드,03/06(수),소프트웨어,브라우저,"일반망 PC 엣지삭제로 인한 브라위저 사용불가","포맷 신청서 확인 후 작업완료"
PC 트러블슈팅 가이드,03/06(수),네트워크,문의,"내부 보안망PC 네트워트 어뎁터 인식불가","보안 솔루션 IP설정차단기능으로 드라이버 안보임 확인 후 네트워크 재연결완료"
PC 트러블슈팅 가이드,03/06(수),네트워크,문의,"내부 보안망PC 네트워크 오류","무선인증솔루션 재설정 왼료"
PC 트러블슈팅 가이드,03/07(목),소프트웨어,메신저,"임원 퇴사후 재입사처리로 인한 기존계정 PC 메신저 및 보안 소프트웨어 접속불가","새 계정 발급 되었지만 PC오프 접속불가, 담당자 통화후 PC오프 삭제완료후 메신저 접속완료"
PC 트러블슈팅 가이드,03/07(목),소프트웨어,기타,"MS오피스 실행불가 및 오류메세지 발생","오류메세지 확인결과 윈도우 포맷필요로 포맷신청서 확인 후 백업 및 작업완료"
PC 트러블슈팅 가이드,03/07(목),하드웨어,포맷,"개인PC 반출로인한 포맷절차 요청","포맷신청서 결제 가이드 안내"
PC 트러블슈팅 가이드,03/07(목),네트워크,IP,"내부 보안망PC 네트워트 어뎁터 인식불가","보안 솔루션 IP설정차단기능으로 드라이버 표출불가 확인 후 네트워크 재연결완료"
PC 트러블슈팅 가이드,03/08(금),하드웨어,포맷,"개인pc 반출로인한 포맷 요청","포맷 신청서 확인 후 작업완료"
PC 트러블슈팅 가이드,03/08(금),하드웨어,모니터,"화면 깜박거림","모니터 고장여부 확인 후 교체완료"
PC 트러블슈팅 가이드,03/08(금),네트워크,문의,"일반망 네트워크 접속불량","일반망 네트워크 어뎁터 및 WIFI 설정 완료"
PC 트러블슈팅 가이드,03/11(월),네트워크,문의,"내부 보안망PC 이너넷 어뎁터 인식불가","보안 솔루션 해제후 어뎁터 인식 정상확인"
PC 트러블슈팅 가이드,03/11(월),네트워크,문의,"내부 보안망PC 네트워크 접속오류","네트워크 드라이버 초기화 작업 진행 후 정상접속 확인"
PC 트러블슈팅 가이드,03/11(월),하드웨어,모니터,"자리이동이후 모니터 송출불량","HDMI포트 변경 후 PC화면 정상표출 완료"
PC 트러블슈팅 가이드,03/11(월),네트워크,문의,"일반망, 내부 보안망 PC 네트워크 셋팅 요청","일반망 내부 보안망 PC입스등록및 IP초기화 등 네트워크 셋팅 완료"
PC 트러블슈팅 가이드,03/11(월),하드웨어,노트북,"화면버벅거림 및 실행속도 저하발생","브라우저 창, 실행파일 동시실행으로 CPU과부하 확인, 최소화후 사용권장"
PC 트러블슈팅 가이드,03/12(화),하드웨어,노트북,"일반망PC 윈도우화면 멈춤현상 발생","해당PC 재부팅후 정상동작확인"
PC 트러블슈팅 가이드,03/12(화),네트워크,문의,"일반망PC 프린터 출력 오류","복합기설치드라이버 재설치 후 정상출력 확인"
PC 트러블슈팅 가이드,03/13(수),하드웨어,노트북,"12층부문장님 공용 업무 PC 포맷 및 보안 소프트웨어 설치 요청","포맷신청서 확인 및 작업, 보안 소프트웨어 설치완료"
PC 트러블슈팅 가이드,03/14(목),네트워크,IP,"내부 보안망 네트워크 접속오류","네트워크어뎁터 재연결후 IP세팅 초기화"
PC 트러블슈팅 가이드,03/14(목),네트워크,문의,"일반망PC 네트워크 안됨","비행기모드 해제후 네트워크 재설정 및 연결상태 확인"
PC 트러블슈팅 가이드,03/18(월),하드웨어,노트북,"일반망 노트북 속도저하 및 버벅임 발생","브라우저 창, 실행파일 동시실행으로 CPU과부하 확인, 최소화후 사용권장"
PC 트러블슈팅 가이드,03/18(월),하드웨어,모니터,"듀얼 모니터 설정방법 요청","디스플레이 설정 방법 유선 안내 완료"
PC 트러블슈팅 가이드,03/18(월),네트워크,문의,"내부 보안망PC 네트워크 연결 불량","T-GATE PW변경후 재로그인 후 네트워크 연결 완료"
PC 트러블슈팅 가이드,03/19(화),하드웨어,모니터,"듀얼모니터 세팅 요청","현장방문 후 듀얼모니터 설정 완료"
PC 트러블슈팅 가이드,03/21(목),하드웨어,모니터,"모니터 파손으로인한 교체 문의","4월 삼성 수리기사 방문시 수리비용청구 예정 및 임시사용 모니터 대여 완료"
PC 트러블슈팅 가이드,03/25(월),소프트웨어,기타,"일반망PC 윈도우 PW분실","USB 부팅 후 PW초기화작업 완료"
PC 트러블슈팅 가이드,03/25(월),하드웨어,백업,"퇴사자PC내의 자료 백업요청","내부 보안망 백업용 외장하드 대여완료"
PC 트러블슈팅 가이드,03/25(월),소프트웨어,라이센스,"MS오피스 제품인증 불가 및 Teams 로그인 불가","pc 재부팅 및 메신저프로그램 업데이트 후 정상동작 완료"
PC 트러블슈팅 가이드,03/27(수),하드웨어,포맷,"프린터 스풀 꺠짐으로 인한 pc포맷","포맷신청서 확인후 작업완료"
PC 트러블슈팅 가이드,03/28(목),하드웨어,저장장치,"일반망PC SSD 증설 요청","저장매체 구입/이관 신청서 확인후 증설작업 완료"
PC 트러블슈팅 가이드,03/29(금),소프트웨어,기타,"내부 보안망 PC 업무링크 접속불가","safe PC 삭제완료"
PC 트러블슈팅 가이드,04/01(월),하드웨어,저장장치,"C,D 드라이브 파티션 병합 요청","파티션 병합 작업완료"
PC 트러블슈팅 가이드,04/01(월),네트워크,기타,"내부 보안망PC 네트워크 셋팅 요청","내부 보안망 PC 네트워크 및 보안 소프트웨어 셋팅 완료"
PC 트러블슈팅 가이드,04/02(화),하드웨어,저장장치,"일반망PC C드라이브 파티션 확장 요청","C드라이브 파티션 확장 완료"
PC 트러블슈팅 가이드,04/02(화),하드웨어,노트북,"윈도우 부팅 불가","SSD고장으로 복구업체 이관완료"
PC 트러블슈팅 가이드,04/04(목),하드웨어,데스크탑,"PC RAM규격 확인 요청","규격 확인 완료"
PC 트러블슈팅 가이드,04/04(목),소프트웨어,메신저,"메신저 오류 및 인사시스템 접속불가","메신저 프로그램 재설치 후 정상접속 확인"
PC 트러블슈팅 가이드,04/04(목),소프트웨어,기타,"내부 보안망 PC TOPS 실행 오류","TOPS 프로그램 재설치 결과 조치불과로 담당자 이관완료"
PC 트러블슈팅 가이드,04/04(목),소프트웨어,OS,"협력업체 PC OS설치 요청","OS설치 완료"
PC 트러블슈팅 가이드,04/04(목),하드웨어,포맷,"협력업체 철수로 인한 반출PC포맷","포맷신청서 확인후 작업완료"
PC 트러블슈팅 가이드,04/08(월),하드웨어,노트북,"부팅불가 및 하드인식 불가","SSD교체 및 셋팅 완료"
PC 트러블슈팅 가이드,04/08(월),하드웨어,데스크탑,"RAM,SSD 추가 장착 요청","추가 장착 완료"
PC 트러블슈팅 가이드,04/08(월),하드웨어,포맷,"PC 부팅불가로 인한 포맷요청","포맷 신청서 확인 후 작업완료"
PC 트러블슈팅 가이드,04/08(월),하드웨어,포맷,"WINDOWS 업데이트 후 계정로그인 불가로 인한 포맷요청","포맷신청서 확인 후 작업완료"
PC 트러블슈팅 가이드,04/08(월),하드웨어,데스크탑,"전원 인가시 PC화면 표출 안됨","램불량으로 테스트후 조치 완료"
PC 트러블슈팅 가이드,04/08(월),하드웨어,데스크탑,"부팅 및 보안 소프트웨어 설치시 블루스크린 표출","랜카드 교체후 조치완료"
PC 트러블슈팅 가이드,04/09(화),하드웨어,포맷,"개발PC C드라이브 포맷 요청","포맷신청서 확인 후 작업완료"
PC 트러블슈팅 가이드,04/09(화),네트워크,IP,"DNS서버 변경 요청","DNS 수동변경완료"
PC 트러블슈팅 가이드,04/09(화),하드웨어,포맷,"마우스 드라이버 설치 불량","OS문제로 포맷신청서 상신 방법가이드"
PC 트러블슈팅 가이드,04/09(화),네트워크,기타,"인터넷 접속시 몇분후 PC먹통 상태","최적화 완료 후 정상동작 확인"
PC 트러블슈팅 가이드,04/11(목),네트워크,IP,"DNS 서버 변경 배치파일 공유","최신버전 배치파일 공유 완료"
PC 트러블슈팅 가이드,04/11(목),네트워크,IP,"DNS 서버 변경관련 문의","최신버전 배치파일 공유 후 DNS서버 변경 확인"
PC 트러블슈팅 가이드,04/15(월),하드웨어,백업,"SSD 복구 데이터 이동요청","해당 SSD자료 이관완료"
PC 트러블슈팅 가이드,04/15(월),네트워크,IP,"일반망 인터넷 간헐적 끊김 발생","네트워크 어뎁터 초기화 완료"
PC 트러블슈팅 가이드,04/15(월),하드웨어,포맷,"장비 반출 및 대구 출장으로 인한 PC포맷 요청","요청 PC 4대 중 2대 포맷 작업 완료(포맷 신청서 확인)"
PC 트러블슈팅 가이드,04/15(월),네트워크,IP,"DNS 서버 변경 요청","DNS 수동변경완료"
PC 트러블슈팅 가이드,04/17(수),소프트웨어,기본 프로그램,"오피스 전체 복사 붙여넣기 기능 불량","오피스 재설치 완료"
PC 트러블슈팅 가이드,04/17(수),하드웨어,저장장치,"C드라이브 Bit Locker 해제 요청","해제작업 완료"
PC 트러블슈팅 가이드,04/17(수),네트워크,IP,"외부 사업장 반출 일반망pc 네트워크 연결 요청","임시IP 확인후 네트워크 설정 완료"
PC 트러블슈팅 가이드,04/17(수),하드웨어,포맷,"장비 반출 및 대구 출장으로 인한 PC포맷 추가요청","Lenovo 노트북 포맷 작업 완료"
PC 트러블슈팅 가이드,04/17(수),하드웨어,포맷,"CMOS PW 입력 후 윈도우 부팅 불가로 인한 포맷 작업 요청","포맷 신청서 확인 후 작업완료"
PC 트러블슈팅 가이드,04/18(목),소프트웨어,OS,"내부 보안망 PC 로그인 오류","기존암호 초기화 및 새암호 변경완료"
PC 트러블슈팅 가이드,04/18(목),하드웨어,노트북,"사내 개발망 네트워크 고장","무선랜카드 드라이버 재설치완료"
PC 트러블슈팅 가이드,04/18(목),소프트웨어,드라이버,"일반망 스캐너 등록","복합기 관리자 사무기기 연결 완료 및 출력확인"
PC 트러블슈팅 가이드,04/18(목),하드웨어,저장장치,"파티션 재조정작업","파티션 재조정완료"
PC 트러블슈팅 가이드,04/18(목),네트워크,IP,"내부 보안망PC 네트워크 연결 불량","랜 어뎁터 접촉불량으로 재연결 성공"
PC 트러블슈팅 가이드,04/18(목),소프트웨어,라이센스,"Visual studio 2019 설치안됨","평가판 삭제후 설지완료"
PC 트러블슈팅 가이드,04/19(금),네트워크,기타,"일반망 네트워크 연결불량","네트워크 어뎁터 설정 초기화"
PC 트러블슈팅 가이드,04/19(금),하드웨어,저장장치,"SSD 추가 증설 요청","저장매체 구입/이관 신청서 확인후 증설작업 완료"
PC 트러블슈팅 가이드,04/22(월),소프트웨어,OS,"MS OFFICE 실행이 안되는 증상","포맷신청서 확인 후 포맷완료"
PC 트러블슈팅 가이드,04/22(월),하드웨어,저장장치,"C 하드용량 증가","파티션 재조정완료"
PC 트러블슈팅 가이드,04/22(월),네트워크,IP,"일반망PC 네트워크 접속오류","장기 미사용으로 IP차단 확인 후 해제 완료"
PC 트러블슈팅 가이드,04/22(월),네트워크,IP,"일반망PC DNS서버 변경 오류","DNS 수동변경완료"
PC 트러블슈팅 가이드,04/22(월),하드웨어,데스크탑,"내부 보안망 PC 부팅오류 발생","SSD 문제로 복구업체 안내완료"
PC 트러블슈팅 가이드,04/22(월),소프트웨어,OS,"내부 보안망 연결불가 및 내부 보안망 프로그램 설치 요청","OS 재설치 완료"
PC 트러블슈팅 가이드,04/23(화),소프트웨어,기본 프로그램,"사내 개발망 한글2018 프로그램 설치문의","내부 보안망 아웃록으로 설치파일 분활압축하여 전송완료"
PC 트러블슈팅 가이드,04/23(화),네트워크,기타,"보안USB 인식안됨","네트워크 연결 및 보안 소프트웨어 설치 후 작동확인완료"
PC 트러블슈팅 가이드,04/23(화),소프트웨어,OS,"그룹웨어 접속 외에 외부 인터넷안됨","SSL 인증서 설치안내완료"
PC 트러블슈팅 가이드,04/23(화),네트워크,기타,"안성 파견지 DNS 변경방법 안내","안내완료"
PC 트러블슈팅 가이드,04/23(화),네트워크,기타,"사내 개발망 노트북 네트워크 재설정","무선드라이버 충돌로인한 OS 재설치완료"
PC 트러블슈팅 가이드,04/23(화),네트워크,IP,"망연계 시스템 로그인 안됨","무선드라이버 재설치 후 정상작동확인완료"
PC 트러블슈팅 가이드,04/23(화),하드웨어,저장장치,"내부 보안망 노트북 SSD 추가증설 요청","저장매체 구입/이관 신청서 확인후 증설작업 완료"
PC 트러블슈팅 가이드,04/23(화),소프트웨어,기타,"C드라이브 용량부족","용량증설완료"
PC 트러블슈팅 가이드,04/23(화),소프트웨어,OS,"개발PC 포맷요청","협력업체 연락 후 윈도우 미디어 반입하여 처리예정"
PC 트러블슈팅 가이드,04/23(화),소프트웨어,기타,"내부 보안망 자산실사 프로그램 작동안됨","서버문제점 해결 후 정상화 안내완료"
PC 트러블슈팅 가이드,04/24(수),소프트웨어,기본 프로그램,"아웃록 대용량첨부 안됨","아웃록 애딩 재설치안내완료"
PC 트러블슈팅 가이드,04/24(수),하드웨어,포맷,"일반망PC C드라이브 포맷 요청","포맷신청서 확인후 작업완료"
PC 트러블슈팅 가이드,04/24(수),네트워크,IP,"일반망pc 네트워크 세팅요청","네트워크 어뎁터 설정 완료"
PC 트러블슈팅 가이드,04/25(목),소프트웨어,메신저,"메신저 에딩에있는 사내 메신저 접속안됨","메신저 에딩 이슈로인하여 담당자 이관완료"
PC 트러블슈팅 가이드,04/25(목),하드웨어,유지보수,"무선랜카드 네트워크 접속","랜카드 변경 및 IP셋팅완료"
PC 트러블슈팅 가이드,04/25(목),소프트웨어,OS,"공유폴더 셋팅안됨","연구소PC지원 이관완료"
PC 트러블슈팅 가이드,04/25(목),네트워크,IP,"일반망 네트워크 접속안됨","IP 다중MAC 연결 확인 후 IP초기화 완료"
PC 트러블슈팅 가이드,04/25(목),하드웨어,저장장치,"일반망 c드라이브 파티션 확장요청","c드라이브 60GB 확장 완료"
PC 트러블슈팅 가이드,04/25(목),네트워크,기타,"일반망 외부사이트 접속불가","SSL인증서 삭제오류로 포맷예정(포맷신청서 결제 요청)"
PC 트러블슈팅 가이드,04/26(금),소프트웨어,라이센스,"개발PC 알집프로그램 설치문의","사내망 외에 소프트웨어 사용신청서 상신절차안내완료"
PC 트러블슈팅 가이드,04/26(금),소프트웨어,브라우저,"사내 메신저 결재서류 뷰어 프로그램 설치문의","경로 안내완료"
PC 트러블슈팅 가이드,04/26(금),소프트웨어,OS,"AD계정 로그인안됨","AD 담당자 이관완료"
PC 트러블슈팅 가이드,04/26(금),하드웨어,저장장치,"복구 데이터 수령문의","차주 월요일 처리완료예정"
PC 트러블슈팅 가이드,04/26(금),하드웨어,포맷,"일반망PC SSL인증서 오류로 PC포맷 및 OS 재설치 요청","포맷신청서 확인후 작업완료"
PC 트러블슈팅 가이드,04/26(금),네트워크,IP,"사내 개발망 개발PC 네트워크 안됨","랜선 연결 확인후 테스트완료"
PC 트러블슈팅 가이드,04/26(금),소프트웨어,OS,"협력업체 노트북 포맷 절차 안내","절차 설명안내완료"
PC 트러블슈팅 가이드,04/26(금),네트워크,기타,"무선랜카드 드라이버 설치안내","드라이버 설치주소 안내완료"
PC 트러블슈팅 가이드,04/29(월),하드웨어,저장장치,"파손된 SSD 복구데이터 이전 요청","데이터 PC지원 외장하드 추출완료"
PC 트러블슈팅 가이드,04/29(월),하드웨어,저장장치,"HDD 자료추출 및 노트북 내 SSD카드에 이관 저장","데이터 PC지원 외장하드 추출완료"
PC 트러블슈팅 가이드,04/29(월),소프트웨어,OS,"윈도우비밀번호 로그인안됨","사내 메신저 비밀번호로 로그인완료"
PC 트러블슈팅 가이드,04/29(월),하드웨어,저장장치,"복구데이터 이동 요청","D드라이브 이동완료"
PC 트러블슈팅 가이드,04/29(월),하드웨어,저장장치,"복구업체 자산 대여HDD 로우포맷 작업","로우포맷 작업완료"
PC 트러블슈팅 가이드,04/29(월),소프트웨어,OS,"사내 메신저 로그인안됨","와이파이 재접속 후 정상작동확인완료"
PC 트러블슈팅 가이드,04/29(월),하드웨어,노트북,"침수로인한 A/S요청","동일모델 교체 후 기존장비 처리 절차 확인"
PC 트러블슈팅 가이드,04/29(월),소프트웨어,OS,"윈도우11 라이선스 제공요청","라이선스 구매안내완료"
PC 트러블슈팅 가이드,04/29(월),소프트웨어,OS,"HTTPS:// 접속안됨","로컬계정 생성 후 정상작동확인완료"
PC 트러블슈팅 가이드,04/29(월),네트워크,기타,"특정사이트 접속불가(www.oracle.com)","엣지브라우저 업데이트 완료"
PC 트러블슈팅 가이드,04/30(화),하드웨어,저장장치,"C드라이브 파티션 용량 변경","파티션 재조정완료"
PC 트러블슈팅 가이드,04/30(화),네트워크,IP,"포맷 후 인터넷 연결 불가","네트워크 재설정완료"
PC 트러블슈팅 가이드,04/30(화),하드웨어,모니터,"노후모니터 교체요청","교체완료"
PC 트러블슈팅 가이드,04/30(화),하드웨어,노트북,"노후 노트북 교체문의","신규 노트북 준비절차 안내완료"
PC 트러블슈팅 가이드,04/30(화),소프트웨어,OS,"부서에서 구매한 PC WINDOWS, 필수프로그램 설치 절차 문의","절차 설명안내완료"
PC 트러블슈팅 가이드,04/30(화),소프트웨어,기본 프로그램,"큐브락 사용자인증 안됨","큐브락 사용자 정보 안내완료"
PC 트러블슈팅 가이드,04/30(화),하드웨어,노트북,"노후PC 교체요청","노트북 교체완료"
PC 트러블슈팅 가이드,04/30(화),하드웨어,모니터,"노후 모니터 교체요청","모니터 교체완료"
PC 트러블슈팅 가이드,04/30(화),소프트웨어,OS,"일반업무망 WIFI 정보 요청","정보안내완료"
PC 트러블슈팅 가이드,05/02(목),하드웨어,포맷,"협력업체pc 2대 포맷요청","포맷신청서 확인후 작업완료"
PC 트러블슈팅 가이드,05/02(목),소프트웨어,메신저,"AD계정 자동 로그인안됨","AD프로그램 깨짐 현상으로 OS재설치 필요, 포맷신청서 상신 안내"
PC 트러블슈팅 가이드,05/02(목),소프트웨어,OS,"출장용 노트북(HP) OS설치 및 필수보안 소프트웨어 업데이트 요청","OS설치 및 보안 소프트웨어 업데이트 완료"
PC 트러블슈팅 가이드,05/02(목),소프트웨어,OS,"부서 개발용PC OS설치 및 세팅요청","OS설치 및 셋팅 완료"
PC 트러블슈팅 가이드,05/02(목),하드웨어,포맷,"협력업체PC 포맷후 사내 개발망으로 OS재설치 요청","로우포맷 작업 완료 및 OS재설치 완료"
PC 트러블슈팅 가이드,05/02(목),소프트웨어,OS,"개발PC OS설치 및 보안 소프트웨어 설치","OS 설치 및 설치프로그램 설치완료"
PC 트러블슈팅 가이드,05/02(목),하드웨어,모니터,"노후모니터 교체 문의","교체 절차 안내완료"
PC 트러블슈팅 가이드,05/02(목),하드웨어,모니터,"개인모니터 파손으로 모니터 신청 문의","절차 설명안내완료"
PC 트러블슈팅 가이드,05/02(목),소프트웨어,OS,"협력업체 PC 사내 개발망 셋팅 진행문의","진행률 공유완료"
PC 트러블슈팅 가이드,05/02(목),소프트웨어,OS,"협력업체 PC의 사내 개발망 셋팅","셋팅완료"
PC 트러블슈팅 가이드,05/03(금),소프트웨어,OS,"부서이동으로 포맷 및 사내 프로그램 설치요청","포맷, 설치완료"
PC 트러블슈팅 가이드,05/03(금),하드웨어,저장장치,"반출을 위한 하드디스크 제거 요청","제거완료"
PC 트러블슈팅 가이드,05/07(화),하드웨어,저장장치,"부팅안됨","SSD 고장으로 교체완료"
PC 트러블슈팅 가이드,05/07(화),하드웨어,저장장치,"복구업체 자산 대여HDD 로우포맷 작업 수령안내","금일 수령연락완료"
PC 트러블슈팅 가이드,05/07(화),소프트웨어,메신저,"메신서 대화안됨 및 일반망 스캔 셋팅요청","오피스 재설치 및 복합기 관리자매니저 셋팅완료"
PC 트러블슈팅 가이드,05/07(화),소프트웨어,OS,"AD동작불가로 인한 포맷","포맷완료"
PC 트러블슈팅 가이드,05/07(화),소프트웨어,기본 프로그램,"PC OFF 솔루션 근태 설정안됨","인사담당자 이관완료"
PC 트러블슈팅 가이드,05/08(수),소프트웨어,OS,"보안솔루션 설치 지원","셋팅완료"
PC 트러블슈팅 가이드,05/08(수),네트워크,IP,"전배사원 일반망PC 네트워크 연결문의","일반망 네트워크 어뎁터 및 WIFI 설정 완료"
PC 트러블슈팅 가이드,05/08(수),하드웨어,노트북,"노트북 2대 네트워크 망확인 요청","노트북2대 내부 보안망OS확인"
PC 트러블슈팅 가이드,05/08(수),소프트웨어,브라우저,"품의서, 경비정산 팝업이 발생안됨","액티브 설치프로그램 재설치완료"
PC 트러블슈팅 가이드,05/08(수),네트워크,IP,"내부 보안망 유선LAN 동작 안됨","네트워크 재설정완료"
PC 트러블슈팅 가이드,05/09(목),하드웨어,저장장치,"HDD 인식안됨","베드섹터 안내로 백업가이드 전달완료"
PC 트러블슈팅 가이드,05/09(목),소프트웨어,메신저,"아웃록 대용량첨부 안됨","에딩 재설치완료"
PC 트러블슈팅 가이드,05/09(목),하드웨어,포맷,"문서보안(DRM) 업데이트 후 엣지사용 오류발생 및 블루스크린발생","포맷신청서 확인후 작업완료"
PC 트러블슈팅 가이드,05/09(목),소프트웨어,브라우저,"사내 메신저 인사시스템 접속오류","엣지브라우저 초기화 후 재실행 안내"
PC 트러블슈팅 가이드,05/09(목),네트워크,IP,"일반망 PC 네트워크 연결 불량","네트워크 어뎁터 초기화 완료"
PC 트러블슈팅 가이드,05/10(금),소프트웨어,기타,"사내 품질관리시스템(품질관리시스템(품질관리시스템(QIS))) 프로그램 설치 오류","사내 메신저 고객센터 이관완료"
PC 트러블슈팅 가이드,05/10(금),하드웨어,모니터,"cctv용 모니터 화면 깜빡임 발생","고장확인, CCTV 업체 장비로 CCTV업체 연락안내"
PC 트러블슈팅 가이드,05/13(월),하드웨어,포맷,"반납된 대여 PC 2대 로우포맷 실행","로우포맷 실행 완료"
PC 트러블슈팅 가이드,05/13(월),하드웨어,포맷,"반납된 대여 PC 1대 로우포맷 요청","로우포맷 실행 완료"
PC 트러블슈팅 가이드,05/13(월),하드웨어,저장장치,"HDD 인식불가 점검 요청 D드라이브 백업 요청","HDD 문제로 백업안내완료"
PC 트러블슈팅 가이드,05/14(화),하드웨어,데스크탑,"내부 보안망PC 부팅오류","SSD 고장확인, 복구업체 이관완료"
PC 트러블슈팅 가이드,05/16(목),하드웨어,노트북,"바이오스 진입 방법 및 CMOS PW 설정 방법 문의","바이오스 진입키 및 CMOS PW 설정방법 가이드 완료"
PC 트러블슈팅 가이드,05/16(목),소프트웨어,라이센스,"오피스 프로그램 라이선스 오류","PC 재부팅 후 정상확인"
PC 트러블슈팅 가이드,05/20(월),하드웨어,저장장치,"파기 PC 저장매체 분리요청","분리완료"
PC 트러블슈팅 가이드,05/21(화),하드웨어,저장장치,"블루스크린 발생 및 저장공간 부족","포맷신청서 확인후 작업완료"
PC 트러블슈팅 가이드,05/21(화),하드웨어,저장장치,"일반망 pc C드라이브 용량 부족","Bitlocker 해제 및 c드라이브 파티션 20GB 확장 완료"
PC 트러블슈팅 가이드,05/21(화),소프트웨어,OS,"출장용 노트북(GRAM) OS 설치 요청","출장용 노트북 1대 OS설치 완료"
PC 트러블슈팅 가이드,05/21(화),하드웨어,데스크탑,"PC 재부팅 중 미작동 발생","바이오스 업데이트 완료"
PC 트러블슈팅 가이드,05/21(화),하드웨어,저장장치,"파기PC, 저장매체 분리요청","저장매체 분리완료"
PC 트러블슈팅 가이드,05/21(화),하드웨어,저장장치,"노트북 2대 SSD 추가장착요청","추가증설완료"
PC 트러블슈팅 가이드,05/22(수),하드웨어,저장장치,"SSD 추가설치","추가장착완료 파티션 생성완료"
PC 트러블슈팅 가이드,05/22(수),하드웨어,저장장치,"C드라이브 용량 증가","재조정완료"
PC 트러블슈팅 가이드,05/22(수),소프트웨어,OS,"PC안됨 문서 안열림","OS 충돌로 재설치완료"
PC 트러블슈팅 가이드,05/22(수),소프트웨어,OS,"화면 블럭아웃","재부팅완료"
PC 트러블슈팅 가이드,05/23(목),소프트웨어,메신저,"아웃록 백업","백업완료"
PC 트러블슈팅 가이드,05/23(목),하드웨어,노트북,"연구소 PC지원에서 노트북 29대 파우치 도작, 24일 대여건으로 고장여부 체크 및 OS설치","백라이트 고장 확인으로 연구소 잔여PC로 교체"
PC 트러블슈팅 가이드,05/24(금),하드웨어,노트북,"경비정산, 예산관리 등 사이트 접속안됨","메인보드고장으로 교체완료"
PC 트러블슈팅 가이드,05/24(금),하드웨어,노트북,"블루스크린 발생 및 저장공간 부족","PC 및 전산 소모품신청서 절차 안내완료"
PC 트러블슈팅 가이드,05/24(금),소프트웨어,기타,"SIWNPRO 사이트 접속안됨","고객센터 이관완료"
PC 트러블슈팅 가이드,05/24(금),하드웨어,저장장치,"추가증설 가능한 SSD 장착문의","저장매체 구입신청서 상신 후 작업절차 안내완료"
PC 트러블슈팅 가이드,05/24(금),하드웨어,노트북,"일반업무망 멈춤증상 자주 나타남","PC및 전산소모품신청서 작성 절차안내완료"
PC 트러블슈팅 가이드,05/27(월),소프트웨어,브라우저,"개발사이트 접속안됨","업무 부서 이관완료"
PC 트러블슈팅 가이드,05/27(월),하드웨어,노트북,"블루스크린 발생","네트워크 드라이버 초기화 작업 진행 후 정상접속 확인"
PC 트러블슈팅 가이드,05/27(월),하드웨어,노트북,"바이오스암호 해재 후 부팅안됨","SSD 고장으로 재고 PC 교체완료"
PC 트러블슈팅 가이드,05/27(월),하드웨어,노트북,"블루스크린으로인한 작동안됨","재고PC 교체완료"
PC 트러블슈팅 가이드,05/27(월),하드웨어,포맷,"OS오류로 인한 포맷요청","포맷신청서 확인후 작업완료"
PC 트러블슈팅 가이드,05/28(화),하드웨어,저장장치,"일반업무망PC 파티션 재조정","파티션 재조정완료"
PC 트러블슈팅 가이드,05/28(화),하드웨어,저장장치,"하드자료 복구 후 자료이동요청","복구데이터 이동완료"
PC 트러블슈팅 가이드,05/28(화),소프트웨어,드라이버,"랜카드 드라이버 설치후 블루스크린 발생","랜카드 교체후 조치완료"
PC 트러블슈팅 가이드,05/28(화),하드웨어,포맷,"오프라인 PC 디스크 정리 및 개발 프로그램 추가 설치를 위한 PC 포맷","포맷신청서 확인후 작업완료"
PC 트러블슈팅 가이드,05/28(화),네트워크,IP,"일반망 네트워크 연결불량","네트워크 어뎁터 초기화 완료"
PC 트러블슈팅 가이드,05/28(화),하드웨어,모니터,"노트북 화면송출 불량","해상도 설정후 정상표출 확인"
PC 트러블슈팅 가이드,05/29(수),소프트웨어,OS,"경비정산, 예산관리 등 사이트 접속안됨","고객센터 이관완료"
PC 트러블슈팅 가이드,05/29(수),하드웨어,저장장치,"내부 보안망 하드디스크 불량으로 백업","통백업완료"
PC 트러블슈팅 가이드,05/29(수),하드웨어,저장장치,"노후 PC 교체하드 및 고장난하드 폐기 리스트 작성요청","작성 후 전자결재 상신완료"
PC 트러블슈팅 가이드,05/29(수),하드웨어,저장장치,"보안USB 인식안됨","드라이버 재설치완료"
PC 트러블슈팅 가이드,05/30(목),하드웨어,저장장치,"내부 보안망 데이터백업","풀백업 후 이동완료"
PC 트러블슈팅 가이드,06/03(월),소프트웨어,기본 프로그램,"아웃록 메일수신(회수), 대용량메일 사용시 스크립트 에러 발생","아웃록 에딩 재설치완료"
PC 트러블슈팅 가이드,06/03(월),하드웨어,포맷,"일반망pc 페이징파일 삭제후 윈도우 동작멈춤","포맷신청서 확인후 작업완료"
PC 트러블슈팅 가이드,06/03(월),소프트웨어,OS,"블루스크린 발생","오류화면 확인 불가로 추후 재발생시 재방문 예정"
PC 트러블슈팅 가이드,06/04(화),하드웨어,데스크탑,"부팅 및 동작속도 느림","점검결과 정상으로 문제발생시 다시 문의예정"
PC 트러블슈팅 가이드,06/05(수),소프트웨어,OS,"블루스크린 오류","포맷완료"
PC 트러블슈팅 가이드,06/05(수),하드웨어,저장장치,"PC 웹메일 다운로드가 안됨","파티션 재조정완료"
PC 트러블슈팅 가이드,06/10(월),소프트웨어,드라이버,"프린터 식별 안됨","프린터 드라이버 재설치 완료"
PC 트러블슈팅 가이드,06/10(월),네트워크,IP,"내부 보안망 PC 미접속으로 인한 요청","무선 세팅 완료"
PC 트러블슈팅 가이드,06/11(화),하드웨어,포맷,"부서 개발용PC OS설치 및 세팅요청","리커버리 OS 설치 완료"
PC 트러블슈팅 가이드,06/11(화),하드웨어,노트북,"모니터(HDMI) 연결되지 않음","모니터(HDMI) 포트 재연결"
PC 트러블슈팅 가이드,06/11(화),하드웨어,데스크탑,"부팅불가 및 하드인식 불가","램슬롯 청소완료"
PC 트러블슈팅 가이드,06/12(수),네트워크,기타,"내부 보안망 이더넷 연결 불가","랜 커넥터 교체 후 정상연결 확인"
PC 트러블슈팅 가이드,06/14(금),네트워크,기타,"유선 네트워크설정 무선으로 변경 요청","임시WIFI 설정 완료"
PC 트러블슈팅 가이드,06/17(월),하드웨어,저장장치,"하드디스크 백업","사용자가 직접 백업완료"
PC 트러블슈팅 가이드,06/17(월),하드웨어,저장장치,"폐기PC 저장매체 분리요청","분리완료"
PC 트러블슈팅 가이드,06/17(월),하드웨어,포맷,"협력업체 포맷요청","포맷완료"
PC 트러블슈팅 가이드,06/19(수),하드웨어,모니터,"본체-모니터 화면 출력점검","케이블 이슈로 교체후 정상출력 확인"
PC 트러블슈팅 가이드,06/19(수),하드웨어,포맷,"반출용pc 포맷작업","포맷신청서 확인후 작업완료"
PC 트러블슈팅 가이드,06/19(수),네트워크,기타,"내부 보안망 접속 오류","부서내 랜커넥터 무단혼용으로 인한 mac차단으로 각자pc에 등록된 커넥터 연결 요청"
PC 트러블슈팅 가이드,06/19(수),소프트웨어,라이센스,"ms관련 제품 미작동","msoffice 재설치 및 라이선스 재등록 완료"
PC 트러블슈팅 가이드,06/19(수),하드웨어,노트북,"노트북 RAM 8G > 16G 증설 요청","원보드 모델이라 증설 어려움 확인 후 안내"
PC 트러블슈팅 가이드,06/20(목),소프트웨어,OS,"문서작업시 버벅임 또는 out of memort 오류 및 블루스크린 발생","OS 손상으로 포맷신청서 상신절차 안내완료"
PC 트러블슈팅 가이드,06/20(목),네트워크,기타,"1층 2번 회의실 네트워크 연결불량","무선 네트워크 연결상태 불량으로 유선으로 변경 후 정상연결 확인"
PC 트러블슈팅 가이드,06/21(금),소프트웨어,메신저,"내부 보안망 메신저 접속불가","메신저 프로그램 재설치 후 정상접속 확인"
PC 트러블슈팅 가이드,06/24(월),하드웨어,백업,"내부 보안망PC 교체로인한 이전PC 데이터백업용 저장매체 오류발생","다른 SSD로 대여 완료"
PC 트러블슈팅 가이드,06/25(화),하드웨어,백업,"내부 보안망PC 복구데이터 이전작업 요청","복구데이터 이전완료"
PC 트러블슈팅 가이드,06/26(수),소프트웨어,OS,"MS 오피스 인증요청발생","라이선스 복구완료"
PC 트러블슈팅 가이드,06/26(수),소프트웨어,OS,"OS 재설치요청","OS 설치완료"
PC 트러블슈팅 가이드,06/26(수),소프트웨어,OS,"내부 보안망PC OS 재설치","재설치완료"
PC 트러블슈팅 가이드,06/26(수),소프트웨어,OS,"SW 문서 작업시 PC 멈춤","OS 충돌로 재설치완료"
PC 트러블슈팅 가이드,06/26(수),네트워크,IP,"내부 보안망 네트워크 유무선 변경 요청","전산관리자 협의 후 변경완료"
PC 트러블슈팅 가이드,06/27(목),소프트웨어,OS,"납품업체노트북 OS설치를 위한 고정IP공유 요청","정책상 불가로 취소"
PC 트러블슈팅 가이드,06/27(목),소프트웨어,브라우저,"Edge 속도 버벅임, 멈춤발생","브라우저 검색기록 및 캐쉬 삭제, 브라우저 초기화 진행 후 정상 속도 확인"
PC 트러블슈팅 가이드,06/27(목),하드웨어,노트북,"RPA 서버용 내부 보안망PC 2대 S/N 공유요청","메일로 회신 완료"
PC 트러블슈팅 가이드,06/28(금),하드웨어,포맷,"사내프로그램 오류로 인한 포맷요청","브라우저 검색기록 및 캐쉬 삭제, 브라우저 초기화 진행"
PC 트러블슈팅 가이드,06/28(금),소프트웨어,OS,"블루스크린 발생 및 PC 강제부팅현상 발생","네트워크 어뎁터 교체 후 정상동작 확인"
PC 트러블슈팅 가이드,06/28(금),네트워크,기타,"일반망PC 랜카드 고장으로 교체요청","교체완료"
PC 트러블슈팅 가이드,06/28(금),소프트웨어,기타,"내부 보안망PC TOPS 접속오류","내부 보안망 메신저프로그램 재설치 후 접속완료"
PC 트러블슈팅 가이드,07/01(월),네트워크,IP,"내부 보안망 네트워크 연결불량","네트워크 어뎁터 재설정"
PC 트러블슈팅 가이드,07/01(월),소프트웨어,기본 프로그램,"내부 보안망 PC 한글파일 실행불가","한글 2018 프로그램 재설치 후 정상실행 확인"
PC 트러블슈팅 가이드,07/01(월),소프트웨어,OS,"PC 윈도우 시작버튼 및 윈도우 기능 실행 불가","점검 결과 OS깨짐 확인으로 포멧신청서 상신 및 OS재설치 권유"
PC 트러블슈팅 가이드,07/01(월),소프트웨어,메신저,"사내 메신저 pw변경 불가 오류발생","담당자 확인 후 피드백예정"
PC 트러블슈팅 가이드,07/02(화),네트워크,IP,"내부 보안망 무선랜 설정 요청","자리이동으로 인한 유->무선 세팅변경 완료"
PC 트러블슈팅 가이드,07/02(화),소프트웨어,os,"PC전원 킨후 PC 응용프로그램 동작불가 및 블루스크린 다수발생","OS 깨짐현상 확인 후 재설치 권유 및 포멧신청서 상신 요청"
PC 트러블슈팅 가이드,07/02(화),소프트웨어,기타,"한글파일 실행불가","한글 2018 프로그램 재설치 후 정상실행 확인"
PC 트러블슈팅 가이드,07/02(화),하드웨어,저장장치,"내부 보안망PC C드라이브 파티션 용량 변경","50GB 조정완료"
PC 트러블슈팅 가이드,07/02(화),소프트웨어,OS,"화면보호기 진입시 PC전원 꺼짐발생","해당증상 확인 위해 1일간 테스트 결과 증상없음확인"
PC 트러블슈팅 가이드,07/02(화),네트워크,IP,"내부 보안망PC 네트워크 오류","네트워크 어뎁터 초기화 완료"
PC 트러블슈팅 가이드,07/02(화),네트워크,IP,"일반망PC 네트워크 오류","네트워크 어뎁터 초기화 완료"
PC 트러블슈팅 가이드,07/03(수),하드웨어,포맷,"OS 오류로인한 C드라이브 포멧요청","포멧신청서 확인후 작업완료"
PC 트러블슈팅 가이드,07/03(수),소프트웨어,OS,"신규입사자 내부 보안망PC 블루스크린 및 부팅 오류발생","레지스트리값 및 타임서버 변경 후 정상동작 확인"
PC 트러블슈팅 가이드,07/03(수),하드웨어,저장장치,"일반망PC C드라이브 파티션 확장 문의","PC지원실 방문 예정"
PC 트러블슈팅 가이드,07/03(수),하드웨어,백업,"정용석 전문 내부 보안망PC 복구데이터 백업 요청","정용석 전문 내부 보안망PC 교체예정으로 백업일정 다시잡을예정"
PC 트러블슈팅 가이드,07/04(목),하드웨어,포맷,"오프라인 개발용pc 사내방서버로 용도변경을 위한 포멧 요청","포멧신청서 확인후 작업완료"
PC 트러블슈팅 가이드,07/04(목),하드웨어,모니터,"사용중인 모니터 모델 및 시리얼 번호 조회 요청","지급리스트 확인 후 이상없음 확인"
PC 트러블슈팅 가이드,07/04(목),네트워크,기타,"내부 보안망 랜케이블 교체 문의","랜수리 신청서 상신 방법 가이드 안내"
PC 트러블슈팅 가이드,07/05(금),소프트웨어,OS,"내부 보안망PC 블루스크린 및 부팅 오류 재발생","네트워크 랜커넥터 교체후 정상 연결"
PC 트러블슈팅 가이드,07/11(목),소프트웨어,메신저,"인사시스템 접속오류","OS 깨짐현상 확인 후 재설치 권유 및 포멧신청서 상신 요청"
PC 트러블슈팅 가이드,07/12(금),소프트웨어,OS,"내부 보안망PC 블루스크린 및 부팅 오류발생","랜커넥터 교체 후 연결 완료"
PC 트러블슈팅 가이드,07/15(월),하드웨어,포맷,"개발용 PC 포맷요청","포멧신청서 확인후 작업완료"
PC 트러블슈팅 가이드,07/16(화),소프트웨어,브라우저,"인사시스템 접속오류","os업데이트 오류로 포멧신청서 상신후 작업완료"
PC 트러블슈팅 가이드,07/16(화),하드웨어,데스크탑,"전원시 알람 울림","RAM 재장착 후 정상동작 확인"
PC 트러블슈팅 가이드,07/16(화),네트워크,기타,"내부 보안망 네트워크 연결 불가","네트워크 어뎁터 초기화 완료"
PC 트러블슈팅 가이드,07/17(수),하드웨어,노트북,"개발용PC SSD탈거 요청","SSD 탈거 완료"
PC 트러블슈팅 가이드,07/17(수),소프트웨어,OS,"블루스크린 다수 발생","레지스트리값 및 타임서버 변경 후 정상동작 확인"
PC 트러블슈팅 가이드,07/17(수),네트워크,기타,"개발용PC 네트워크 연결문의","해당 건 전산관리자 PC지원 담당자 이관 완료"
PC 트러블슈팅 가이드,07/18(목),소프트웨어,라이센스,"오피스 라이센스 등록불가","배치파일 실행 후 정상등록 확인"
PC 트러블슈팅 가이드,07/22(월),하드웨어,노트북,"노트북 어뎁터 연결불량","어뎁터 교체 완료"
PC 트러블슈팅 가이드,07/22(월),소프트웨어,OS,"일반망PC 버벅임 및 블루스크린 발생","포멧신청서 확인후 작업완료"
PC 트러블슈팅 가이드,07/23(화),네트워크,기타,"내부 보안망PC 무선 연결 오류","무선인증 솔루션 PW 초기화 후 재접속 완료"
PC 트러블슈팅 가이드,07/25(목),하드웨어,노트북,"개발용PC SSD 장착 요청","SSD 장착완료"
PC 트러블슈팅 가이드,07/26(금),하드웨어,저장장치,"일반망PC C드라이브 용량 50GB추가 요청","C드라이브 파티션조정 완료"
PC 트러블슈팅 가이드,07/26(금),소프트웨어,OS,"일반망PC 보안 소프트웨어 설치오류로 인한 포멧 요청","포멧신청서 확인후 작업완료"
PC 트러블슈팅 가이드,07/29(월),소프트웨어,기본 프로그램,"메일 첨부파일 다운로드 오류","outlook 재설치 후 첨부파일 다운로드 완료"
PC 트러블슈팅 가이드,07/29(월),소프트웨어,OS,"내부 보안망PC 블루스크린 및 부팅 오류 발생","SSD 고장으로 복구업체 소개 완료 및 SSD 교체후 OS설치 작업 완료"
PC 트러블슈팅 가이드,07/29(월),하드웨어,포맷,"반출PC 포멧요청","포멧신청서 확인후 작업완료"
PC 트러블슈팅 가이드,08/01(목),하드웨어,데스크탑,"부서비용 구매 추가 RAM 장착 요청","장착 후 인식 완료 확인"
PC 트러블슈팅 가이드,08/01(목),소프트웨어,메신저,"사내 메신저 접속 오류","사내 메신저 Add-in 프로그램 재설치 후 정상 동작확인"
PC 트러블슈팅 가이드,08/01(목),소프트웨어,메신저,"구) 그룹웨어[서클-아웃룩, 메신저 Add-in] 접속자 문제 해결 방안 게시글 공유요청","게시글 링크 및 화면 첨부하여 PC지원팀 공유완료"
PC 트러블슈팅 가이드,08/01(목),네트워크,IP,"임원실 PC IP신청으로 인한 교체예정 PC 세부정보 요청","공유완료"
PC 트러블슈팅 가이드,08/02(금),하드웨어,노트북,"노트북 충전기 미연결시 전원 강제OFF 현상","초기불량으로 인한 PC 교체 진행완료"
PC 트러블슈팅 가이드,08/02(금),소프트웨어,OS,"개발환경 구축 후 지속적인 블루스크린 발생으로 OS 재설치 필요","포멧신청서 확인후 작업완료"
PC 트러블슈팅 가이드,08/02(금),소프트웨어,OS,"반출용 PC VDI 환경으로 셋팅 요청","포멧신청서 확인후 작업완료"
PC 트러블슈팅 가이드,08/02(금),네트워크,기타,"일반망PC 네트워크 연결 불량","망연계 시스템 PW 5회이상 틀림으로 계정 잠김 확인 후 PW 초기화 요청 후 로그인 완료"
PC 트러블슈팅 가이드,08/05(월),하드웨어,노트북,"일반망PC 심한 버벅임 및 블루스크린 발생 후 PC 강제부팅","메인보드고장으로 교체완료"
PC 트러블슈팅 가이드,08/06(화),하드웨어,데스크탑,"블루스크린 및 재부팅 불가","SSD고장 확인 안내 및 SSD 교체 필요"
PC 트러블슈팅 가이드,08/06(화),네트워크,기타,"내부 보안망PC 네트워크 설정 불일치","네트워크 어뎁터 재설정"
PC 트러블슈팅 가이드,08/06(화),소프트웨어,OS,"부서비용으로 SSD구매 및 OS설치 요청","SSD 교체 후 OS설치 완료"
PC 트러블슈팅 가이드,08/06(화),소프트웨어,OS,"일반망PC OS재설치 요청","포멧신청서 확인후 작업완료"
PC 트러블슈팅 가이드,08/07(수),하드웨어,저장장치,"일반망PC C드라이브 파티션 조정 요청","C드라이브 파티션 조정 완료"
PC 트러블슈팅 가이드,08/07(수),네트워크,기타,"내부 보안망 PC 네트워크 세팅 요청","네트워크 어뎁터 설정 완료"
PC 트러블슈팅 가이드,08/08(목),하드웨어,저장장치,"SSD(부서비용) 추가 증설 요청","증설완료"
PC 트러블슈팅 가이드,08/12(월),하드웨어,저장장치,"개발용PC 반출을 위한 하드디스크 탈거 요청","SSD 탈거 완료"
PC 트러블슈팅 가이드,08/12(월),네트워크,기타,"6층레이아웃 변경으로 인한 임직원 2명 네트워크 유무선 변경작업 요청","좌석배치도 확인후 현장방문 예정"
PC 트러블슈팅 가이드,08/12(월),네트워크,기타,"근무 좌석변경으로 인한 내부 보안망PC 네트워크 설정 변경(유->무) 요청","변경작업 완료후 무선인증 솔루션 정상 연결 확인"
PC 트러블슈팅 가이드,08/12(월),하드웨어,노트북,"초기불량 PC 수리로인한 LG서비스센터 기사 연구소 방문","13층 동행 후 PC수리 확인 후 방문 종료"
PC 트러블슈팅 가이드,08/19(월),소프트웨어,OS,"내부 보안망pc 블루스크린 다수 발생","랜커넥터 교체작업 완료"
PC 트러블슈팅 가이드,08/19(월),소프트웨어,기본 프로그램,"한글 파일 실행불가","한글 2018 프로그램 재설치 후 정상실행 확인"
PC 트러블슈팅 가이드,08/19(월),하드웨어,모니터,"모니터 1대 연결 불량","HDMI케이블 재연결 후 정상표출 확인"
PC 트러블슈팅 가이드,08/20(화),하드웨어,저장장치,"일반망 PC 데이터 백업 요청","백업 완료"
PC 트러블슈팅 가이드,08/21(수),하드웨어,데스크탑,"내부 보안망PC 화면표출 안됨","재부팅 후 표출완료"
PC 트러블슈팅 가이드,08/21(수),소프트웨어,기본 프로그램,"아웃룩 메일 저장 오류","메일 저장경로 변경후 조치완료"
PC 트러블슈팅 가이드,08/21(수),네트워크,기타,"팀장님 일반망PC 네트워크 오류","랜카드 교체후 조치완료"
PC 트러블슈팅 가이드,08/22(목),하드웨어,노트북,"노트북 화면송출 불량","노트북 백라이트 고장으로 동일모델 교체완료"
PC 트러블슈팅 가이드,08/22(목),하드웨어,데스크탑,"제안서 서버 PC HDMI 케이블 연결시 화면 표출 불가","HDMI 포트 변경후 연결 완료"
PC 트러블슈팅 가이드,08/22(목),소프트웨어,기타,"10층 TF 팀 오피스 프로그램 설치 지원","오피스 및 한글 설치 지원 완료"
PC 트러블슈팅 가이드,08/22(목),네트워크,IP,"교육용PC 네트워크 세팅 작업","네트워크 어뎁터 설정 및 연결상태 확인 완료 (10.240.33.200)"
PC 트러블슈팅 가이드,08/22(목),소프트웨어,OS,"교육용PC OS 설치 및 보안 소프트웨어 설치 및 세팅 작업","세팅 완료 (110NZVF048223)"
PC 트러블슈팅 가이드,08/23(금),소프트웨어,OS,"내부 보안망PC 윈도우 진입 불가","해당 PC SSD 고장확인 완료"
PC 트러블슈팅 가이드,08/23(금),네트워크,IP,"복직 후 일반망PC 네트워크 연결 불가","장기 미사용으로 IP차단 확인 후 해제 완료"
PC 트러블슈팅 가이드,08/26(월),소프트웨어,OS,"블루스크린 발생 및 부팅오류","해당장비 메인보드고장으로 렌탈사에 임시장비 요청"
PC 트러블슈팅 가이드,08/26(월),네트워크,기타,"일반망PC 네트워크 연결 오류","네트워크 어뎁터 초기화 완료"
PC 트러블슈팅 가이드,08/28(수),하드웨어,노트북,"일반망PC 전원 안켜짐","배터리 고장으로 동일모델 교체 완료"
PC 트러블슈팅 가이드,08/28(수),하드웨어,저장장치,"C드라이브 용량 부족","C드라이브 파티션 조정 완료"
PC 트러블슈팅 가이드,08/29(목),소프트웨어,기본 프로그램,"사내 메신저 접속 오류","PW초기화 완료"
PC 트러블슈팅 가이드,08/29(목),하드웨어,데스크탑,"임시장비 요청","지급완료"
PC 트러블슈팅 가이드,08/29(목),소프트웨어,OS,"재택근무 PC 인사시스템 접속 불가","엣지 업데이트 및 윈도우 업데이트 진행후 접속 완료"
PC 트러블슈팅 가이드,09/02(월),네트워크,기타,"신규입사자 일반망PC 네트워크 연결요청","네트워크 어뎁터 설정 완료"
PC 트러블슈팅 가이드,09/02(월),네트워크,기타,"신규입사자 내부 보안망PC 네트워크 연결요청","네트워크 어뎁터 설정 완료"
PC 트러블슈팅 가이드,09/04(수),네트워크,IP,"DNS 서버 변경으로 인한 네트워크 접속 불가","DNS서버 변경 배치파일 실행 후 정상 연결 확인"
PC 트러블슈팅 가이드,09/04(수),네트워크,기타,"신규입사자 PC 인터넷 연결 불가","일반망 PC 네트워크 어뎁터 초기화"
PC 트러블슈팅 가이드,09/04(수),소프트웨어,OS,"내부 보안망 PC 보안 소프트웨어 실행시 블루스크린 발생","내부 보안망 랜 커넥터 교체후 정상동작 확인"
PC 트러블슈팅 가이드,09/05(목),하드웨어,저장장치,"저장매체 관리번호 스티커 공유 및 부착요청","저장매체 관리번호 스티커 부착작업 완료"
PC 트러블슈팅 가이드,09/05(목),소프트웨어,OS,"사내 개발망 PC 패스워드 변경 및 로컬보안정책을 설정 차단","AD이행 프로그램 실행 후 설정 완료"
PC 트러블슈팅 가이드,09/09(월),소프트웨어,드라이버,"프린터 작동안됨","프린터 스풀 재조정완료"
PC 트러블슈팅 가이드,09/09(월),소프트웨어,OS,"화면이 검정색으로 변경되며 PC가 느려져서 사용불가","OS 복구완료"
PC 트러블슈팅 가이드,09/09(월),소프트웨어,OS,"윈도우 로그인계정 로그인 불가","관리자계정 로그인 후 T-GATE 재설치완료"
PC 트러블슈팅 가이드,09/09(월),소프트웨어,OS,"PC 멈춤","OS 복구완료/ 최적화완료"
PC 트러블슈팅 가이드,09/10(화),하드웨어,노트북,"화면이 안나옴","동일재고 교체완료"
PC 트러블슈팅 가이드,09/11(수),소프트웨어,기본 프로그램,"일반망PC 한글실행 불가","재설치 완료"
PC 트러블슈팅 가이드,09/12(목),소프트웨어,브라우저,"Edge 실행 불가","시스템 파일 손상 확인 복구명령어 실행후 조치 완료"
PC 트러블슈팅 가이드,09/19(목),하드웨어,노트북,"내부 보안망 무선 네트워크 연결 장애","무선인증솔루션 초기화완료"
PC 트러블슈팅 가이드,09/19(목),하드웨어,저장장치,"C드라이브 용량증설","파티션 재조정완료"
PC 트러블슈팅 가이드,09/19(목),하드웨어,저장장치,"내부 보안망PC 자료이동 및 오토캐드 설치","자료복원 오토캐드 설치완료"
PC 트러블슈팅 가이드,09/19(목),하드웨어,저장장치,"내부 보안망PC 자료 백업","통백업완료"
PC 트러블슈팅 가이드,09/20(금),하드웨어,데스크탑,"모니터출력 x","RAM 재장착 후 정상동작 확인"
PC 트러블슈팅 가이드,09/23(월),하드웨어,노트북,"네트워크안됨","랜카드 드라이버 재설치완료"
PC 트러블슈팅 가이드,09/23(월),소프트웨어,OS,"윈도우 패스워드 분실","초기화완료"
PC 트러블슈팅 가이드,09/26(목),소프트웨어,OS,"오프라인 -> 일반업무망 데스크탑 포맷요청","포맷완료"
PC 트러블슈팅 가이드,09/26(목),하드웨어,노트북,"개발 과정에서 CPU 부하 및 램용량 부족으로 응용이 중단됨","OS 복구완료"
PC 트러블슈팅 가이드,09/26(목),하드웨어,노트북,"협력업체 노트북 포맷요청","포맷완료"
PC 트러블슈팅 가이드,09/27(금),하드웨어,저장장치,"퇴직자 자료 백업요청","통백업완료"
PC 트러블슈팅 가이드,09/30(월),소프트웨어,OS,"블루스크린","OS 복구완료"
PC 트러블슈팅 가이드,10/04(금),소프트웨어,OS,"오프라인 PC를 내부 보안망 PC로 용도변경으로인한 포맷신청","포맷완료"
PC 트러블슈팅 가이드,10/04(금),하드웨어,노트북,"전원이 안들어옴","배터리 고장으로 동일모델 교체 완료"
PC 트러블슈팅 가이드,10/07(월),하드웨어,유지보수,"10층 ICT 회의실 사업장->연구소 이전 샤이니즈, 화상장비 구성품 및 점검 요청","이전 화상장비 시리얼 넘버 및 구성품 점검 상태 확인 완료"
PC 트러블슈팅 가이드,10/07(월),소프트웨어,기타,"자산실사 프로그램 팝업창 발생 시 이전부서로 나옴","PC지원 김균우 사원에게 해당 내용 이관 완료"
PC 트러블슈팅 가이드,10/07(월),소프트웨어,OS,"내부 보안망 PC OS 강제부팅 발생","시스템파일 손상으로 복구 명령어 실행 조치 완료 및 네트워크 C타입 커넥터 교체완료"
PC 트러블슈팅 가이드,10/08(화),네트워크,기타,"인사2팀->지원팀으로 공용PC 명의 이전으로 인한 PC IP변경 요청","신규 IP 및 보안 소프트웨어 명의 변경 작업 완료"
PC 트러블슈팅 가이드,10/08(화),소프트웨어,기본 프로그램,"WORD 로그인 불가","원래 비로그인 상태가 정상으로 사용에도 지장없음 확인"
PC 트러블슈팅 가이드,10/10(목),하드웨어,저장장치,"","복구업체 가이드 및 해당 사업장 PC지원 쪽으로 이관완료"
PC 트러블슈팅 가이드,10/10(목),소프트웨어,OS,"윈도우 화면 표출 불가","재부팅 후 표출완료"
PC 트러블슈팅 가이드,10/10(목),하드웨어,포맷,"인사시스템 및 OS 불안정으로 포맷 요청","포맷신청서 확인 후 작업 완료"
PC 트러블슈팅 가이드,10/11(금),하드웨어,저장장치,"SSD 추가증설 요청","증설완료"
PC 트러블슈팅 가이드,10/11(금),하드웨어,유지보수,"지하 6층 화상장비 구성품 상태확인 및 구입 필요물품 조사, 정상 작동 점검 요청","구성품 확인 및 점검 완료 및 필요 물품 조사 후 내용공유 완료"
PC 트러블슈팅 가이드,10/14(월),하드웨어,모니터,"모니터 화면 출력 불","노후모니터사용중으로 교체완료"
PC 트러블슈팅 가이드,10/15(화),하드웨어,노트북,"블루스크린현상","OS복구완료"
PC 트러블슈팅 가이드,10/16(수),하드웨어,저장장치,"용량부족","파티션 재조정완료"
PC 트러블슈팅 가이드,10/16(수),네트워크,IP,"내부 보안망 노트PC 네트워크 안됨","DNS 재설정완료"
PC 트러블슈팅 가이드,10/17(목),소프트웨어,OS,"장시간 사용시 블루스크린 표출, 에러메세지 표출 후 자동재부팅 발생","보안 솔루션dll 파일 손상 확인 및 시스템파일 복구 완료"
PC 트러블슈팅 가이드,10/17(목),하드웨어,저장장치,"SSD 추가요청","추가장착완료 파티션 생성완료"
PC 트러블슈팅 가이드,10/21(월),소프트웨어,OS,"협력업체 PC 포맷요청","포맷완료"
PC 트러블슈팅 가이드,10/21(월),소프트웨어,OS,"일반망PC 블루스크린 표출","시스템파일 복구명령어 실행후 정상작동 확인"
PC 트러블슈팅 가이드,10/21(월),하드웨어,노트북,"일반망PC 블루스크린 표출","점검 결과 메인보드 고장확인 으로 PC 교체예정"
PC 트러블슈팅 가이드,10/22(화),하드웨어,기타,"각사업장 PC재고 현황리스트 작성 및 공유 요청","연구소 재고PC 현황 리스트 작성 및 공유 완료"
PC 트러블슈팅 가이드,10/22(화),소프트웨어,기타,"자산실사 프로그램 사번등록 불가","사용자 등록완료"
PC 트러블슈팅 가이드,10/22(화),하드웨어,백업,"일반망PC 교체로 인한 데이터 백업 요청","PC지원실 내부에서 데이터 백업 진행 완료"
PC 트러블슈팅 가이드,10/22(화),하드웨어,저장장치,"일반망PC C드라이브 확장 요청","C드라이브 파티션 조정완료"
PC 트러블슈팅 가이드,10/22(화),소프트웨어,드라이버,"일반망PC 프린터 안됨","프린터 드라이버 재설치 완료"
PC 트러블슈팅 가이드,10/23(수),소프트웨어,기타,"일반망 자산실사 미실행자 실행요청 메일 발송","발송 완료"
PC 트러블슈팅 가이드,10/23(수),하드웨어,저장장치,"C드라이브 용량 변경","파티션 재조정완료"
PC 트러블슈팅 가이드,10/24(목),하드웨어,저장장치,"내부 보안망PC 교체로인한 자료백업","통백업완료"
PC 트러블슈팅 가이드,10/24(목),소프트웨어,OS,"계정 로그인안됨","윕스해제완료"
PC 트러블슈팅 가이드,10/24(목),소프트웨어,OS,"재부팅됨(브라우저 실행시)","OS 복구완료"
PC 트러블슈팅 가이드,10/24(목),하드웨어,저장장치,"PC변경으로인한 데이터 백업요청","통백업완료(일반망)"
PC 트러블슈팅 가이드,10/24(목),하드웨어,노트북,"일반망PC 메인보드고장으로 인한 교체","동일모델 교체 후 기존장비 처리 절차 확인"
PC 트러블슈팅 가이드,10/24(목),하드웨어,백업,"PC교체로 인한 데이터 백업 요청","PC지원실 감독하에 데이터백업 진행완료"
PC 트러블슈팅 가이드,10/24(목),하드웨어,저장장치,"일반망PC SSD추가 증설 요청","저장매체 구입/파기/이관 신청서 확인후 작업완료"
PC 트러블슈팅 가이드,10/28(월),소프트웨어,기타,"자산실사 프로그램 실행일정 연기","11월 01일 실행예정"
PC 트러블슈팅 가이드,10/28(월),소프트웨어,기타,"자산실사수집 봇 메일발송 테스트 요청","테스트 진행 완료"
PC 트러블슈팅 가이드,10/29(화),하드웨어,기타,"지하 6층 샤이니즈 2대 분실로 실사 확인 요청","지하 6층 장비 실사 결과 분실장비 없음"
PC 트러블슈팅 가이드,10/29(화),소프트웨어,기타,"10층 ICT망 연결 출장용PC VDI/VPN 테스트요청","10층 테스트 완료"
PC 트러블슈팅 가이드,10/30(수),소프트웨어,기타,"자산실사 프로그램 실행 오류","vituual box 종료후 재실행 요청"
PC 트러블슈팅 가이드,10/30(수),소프트웨어,기타,"내부 보안망 자산실사 프로그램 미실행 확인","실행요청 전화 및 메신저 메일 발송"
PC 트러블슈팅 가이드,10/30(수),하드웨어,데스크탑,"워크스테이션 수리 가능 문의","PC지원실 방문 후 확인 예정"
PC 트러블슈팅 가이드,10/30(수),하드웨어,데스크탑,"전원 인가 후 부팅안됨","납품업체 이관완료"
PC 트러블슈팅 가이드,10/30(수),소프트웨어,OS,"PC를켜도 메모리 에러창으로 알림창만 계속뜨고 동작불가","OS 재설치완료"
PC 트러블슈팅 가이드,10/31(목),하드웨어,저장장치,"해양미래기술연구센터(사용자) 일반/사내 PC 저장매체 탈거 작업","저장매체 분리, 전산관리자에 퇴직자 저장매체 관리대장 작성 후 공유 및 반납처리 완료"
PC 트러블슈팅 가이드,11/01(금),하드웨어,노트북,"윈도우 부팅 후 블루스크린 발생","초기불량으로 인한 PC 교체 진행완료"
PC 트러블슈팅 가이드,11/04(월),하드웨어,저장장치,"C드라이브 점검","OS 시스템복구완료"
PC 트러블슈팅 가이드,11/04(월),하드웨어,포맷,"일반망PC 강제 재부팅 오류발생으로 인한 포맷 신청","포맷신청서 확인후 작업완료"
PC 트러블슈팅 가이드,11/05(화),소프트웨어,기타,"자산실사프로그램 사용자정보조회 실행불가","사용자 등록완료"
PC 트러블슈팅 가이드,11/05(화),하드웨어,포맷,"일반망PC 버벅임 증상 다수발생으로 포맷 요청","포맷신청서 확인 후 작업 완료"
PC 트러블슈팅 가이드,11/06(수),소프트웨어,OS,"일반망PC 시스템 종료화면에서 멈춤","재부팅 후 시스템파일 복구작업 진행후 정상동작확인"
PC 트러블슈팅 가이드,11/07(목),소프트웨어,기타,"자살실사 프로그램 진행률 공유 요청","내부 보안망: 83%, 일반망: 79% 진행완료"
PC 트러블슈팅 가이드,11/07(목),하드웨어,데스크탑,"전원 키면 소리나면서 부팅 안됨","RAM 재장착 후 정상동작 확인"
PC 트러블슈팅 가이드,11/11(월),네트워크,IP,"내부 보안망 무선 연결","무선인증솔루션 삽입완료"
PC 트러블슈팅 가이드,11/12(화),소프트웨어,OS,"PC부팅이 너무 느리고 성능저하","OS 복구완료"
PC 트러블슈팅 가이드,11/12(화),소프트웨어,OS,"블루스크린 유발 및 전체적인 느림","OS 복구완료"
PC 트러블슈팅 가이드,11/13(수),소프트웨어,기타,"자산실사 서버pc 전원off상태 on으로 변경 요청","부팅 및 로그인 완료"
PC 트러블슈팅 가이드,11/14(목),하드웨어,저장장치,"일반망PC SSD 추가 장착요청","저장매체 구입/파기/이관 신청서 확인후 작업완료"
PC 트러블슈팅 가이드,11/14(목),하드웨어,저장장치,"내부 보안망PC SSD 추가 장착요청","저장매체 구입/파기/이관 신청서 확인후 작업완료"
PC 트러블슈팅 가이드,11/14(목),네트워크,기타,"내부 보안망 PC 네트워크 연결 불량","무선인증솔루션 초기화완료"
PC 트러블슈팅 가이드,11/14(목),소프트웨어,OS,"PC 업데이트 오류로 인한 포맷조치","OS 포맷완료"
PC 트러블슈팅 가이드,11/18(월),하드웨어,저장장치,"복구데이터 이관","이관완료"
PC 트러블슈팅 가이드,11/21(목),네트워크,기타,"일반망 PC DNS 미변경자 변경지원요청","메신저 및 전화통보 완료"
PC 트러블슈팅 가이드,11/21(목),네트워크,IP,"일반망PC 네트워크 연결 불가","일반망 PC WIFI 설정OFF 확인 후 네트워크 어뎁터 재설정 완료"
PC 트러블슈팅 가이드,11/25(월),하드웨어,저장장치,"이수재 본부장님 PC 하드 분리후 파기 신청서 상신요청","조치 완료"
PC 트러블슈팅 가이드,11/26(화),네트워크,ip,"일반망PC DNS서버 변경 요청","메일 및 통화로 내용 전달 완료"
PC 트러블슈팅 가이드,11/27(수),네트워크,기타,"신규 무선랜카드 WIPS 등록 요청 건","랜카드 MAC정보 공유완료"
PC 트러블슈팅 가이드,11/27(수),소프트웨어,메신저,"일반망pc 사내 메신저 미설치","사내 메신저 메신저 설치 및 실행 확인"
PC 트러블슈팅 가이드,11/27(수),네트워크,ip,"내부 보안망pc 네크워크 연결오류","어뎁터 초기화 후 정상 연결 확인"
PC 트러블슈팅 가이드,12/02(월),하드웨어,노트북,"사용중 PC꺼짐 현상","수리불가 판정으로인한 교체 신청"
PC 트러블슈팅 가이드,12/03(화),소프트웨어,OS,"일반망 PC 블루스크린 발생","시스템 파일 복구 명령어 실행 후 정상동작 확인"
PC 트러블슈팅 가이드,12/03(화),하드웨어,노트북,"노트북 전원고장으로 인해 PC사용 불가","증상 확인 및 동일모델 교체 판정"
PC 트러블슈팅 가이드,12/05(목),하드웨어,포맷,"S품질관리시스템(품질관리시스템(QIS)) 성적서 전산화 프로젝트 종료에 따른 외주 개발자 업무用 포멧 신청 건","포맷신청서 확인 후 작업 완료"
PC 트러블슈팅 가이드,12/06(금),네트워크,기타,"계열사 이전으로 지사 -> 본사 랜카드 설치 및 네트워크 설정 요청","랜카드 설치 및 네트워크(무선인증솔루션)세팅 완료"
PC 트러블슈팅 가이드,12/12(목),하드웨어,백업,"전산관리자장님 이전PC 데이터 백업요청","데이터 백업 완료 및 이전 PC 반납처리 완료"
PC 트러블슈팅 가이드,12/13(금),하드웨어,데스크탑,"메모리 부족으로 메시지 다수 표출","데스크탑 RAM 재장착 후 정상동작확인"
PC 트러블슈팅 가이드,12/13(금),하드웨어,백업,"이전 PC 자료 데이터 백업 요청","데이터 백업 완료 및 이전 PC 반납처리 완료"
PC 트러블슈팅 가이드,12/16(월),하드웨어,문의,"총무 담당자 모니터 S/N, 모델명 요청","지급리스트 확인 후 공유완료"
PC 트러블슈팅 가이드,12/17(화),하드웨어,노트북,"일반망 PC 충전 불량","일반망PC 배터리 고장으로 인한 교체 필요"
PC 트러블슈팅 가이드,12/18(수),네트워크,기타,"자리에 내부 보안망 랜케이블 없음으로 무선화 신청","무선인증솔루션 설정 완료"
PC 트러블슈팅 가이드,12/19(목),네트워크,IP,"내부 보안망PC 네트워크 접속오류","네트워크 어뎁터 초기화"
PC 트러블슈팅 가이드,12/19(목),하드웨어,포맷,"타 용도(개발용, 오프라인)로 사용하던 PC를 내부 보안망 PC로 교체하기 위해 포맷을 신청합니다.","포멧신청서 확인후 차주 작업예정 통보"
PC 트러블슈팅 가이드,12/23(월),네트워크,기타,"디자이너 PC 8대 유->무 변경 요청","무선인증 솔루션 세팅 완료"
PC 트러블슈팅 가이드,12/23(월),네트워크,기타,"내부 보안망PC 유->무 변경 요청","무선인증 솔루션 세팅 완료"
PC 트러블슈팅 가이드,12/23(월),네트워크,기타,"디자이너 PC관리 서버PC 유->무선 변경 요청","무선인증 솔루션 세팅 완료"
PC 트러블슈팅 가이드,12/23(월),네트워크,기타,"13층 식당 식수프로그램 PC(내부 보안망) 네트워크 불량","랜카드 고장으로 교체 완료"
PC 트러블슈팅 가이드,12/24(화),소프트웨어,OS,"내부 보안망PC 동작이 느림","시스템 파일 복구 명령어 실행 후 정상동작 확인"
PC 트러블슈팅 가이드,12/26(목),네트워크,기타,"근무지 이동으로 내부 보안망 PC 유->무 변경","무선인증솔루션 설정 완료"
PC 트러블슈팅 가이드,12/26(목),네트워크,기타,"일반망/내부 보안망 네트워크 연결 오류","네트워크 어뎁터 초기화 후 연결 완료"
PC 트러블슈팅 가이드,12/27(금),하드웨어,포맷,"빈번한 윈도우 블루스크린 현상으로 인한 OS 재설치","포멧신청서 확인후 작업완료"
PC 트러블슈팅 가이드,12/30(월),하드웨어,노트북,"일반망PC 동작 버벅임 및 블루스크린 발생","일반망PC SSD고장 확인 후 통보 완료"
PC 트러블슈팅 가이드,12/30(월),하드웨어,노트북,"일반망PC 전원 불량","배터리 고장으로 동일모델 교체 완료"
PC 트러블슈팅 가이드,12/31(화),네트워크,기타,"좌석 랜케이블 (내부 보안망) 불량으로 유->무선 변경 요청","변경 완료"
PC 트러블슈팅 가이드,01/02(목),네트워크,IP,"일반망PC 인터넷 연결느림 및 끊김 현상 발생","DNS서버 미변경 확인, 네트워크 어뎁터 재설정 후 정상 연결 확인"
PC 트러블슈팅 가이드,01/02(목),하드웨어,노트북,"노트북 부팅 불가","블루스크린 오류 확인 결과 STORE(저장장치)오류 메시지 확인"
PC 트러블슈팅 가이드,01/03(금),하드웨어,노트북,"일반업무망PC 제대로 동작 X, 느림, 꺼짐 등 잦은 오류","PC지원 점검 결과 SSD 고장 확인"
PC 트러블슈팅 가이드,01/03(금),하드웨어,저장장치,"SSD 고장 확인으로 인한 SSD 교체 신청","신청서 상신 확인 후 교체 완료"
PC 트러블슈팅 가이드,01/06(월),소프트웨어,OS,"부팅시 블루 스크린 발생","내부 보안망 PC C타입 LAN커넥터 오류 확인 및 해당좌석 LAN포트 불량으로 내부 보안망 PC 유->무 변경 작업 완료"
PC 트러블슈팅 가이드,01/06(월),소프트웨어,기본 프로그램,"PPT 작업 후 저장시 응답없음 및 화면 멈춤","문서보안(DRM) 비로그인확인 로그인후 정상확인"
PC 트러블슈팅 가이드,01/06(월),하드웨어,저장장치,"데스크탑 PC SSD 추가장착 요청","SATA케이블 부족으로 설치 불가"
PC 트러블슈팅 가이드,01/07(화),네트워크,IP,"임원실 및 임원실 PC IP 외부 사이트 접속 예외신청","결제상신 완료"
PC 트러블슈팅 가이드,01/07(화),네트워크,IP,"공용 업무 PC IP 외부 사이트 접속 예외신청","결제상신 완료"
PC 트러블슈팅 가이드,01/07(화),소프트웨어,OS,"블루스크린 다수발생","시스템 파일 복구 명령어 실행 후 정상동작 확인"
PC 트러블슈팅 가이드,01/07(화),네트워크,IP,"네트워크 어뎁터 드라이브 표출 오류","보안 솔루션 정책으로 인한 차단상황으로 네트워크 어뎁터 초기화 완료"
PC 트러블슈팅 가이드,01/07(화),하드웨어,데스크탑,"PC 전원 안켜짐","해당 PC 외관 파손 및 메인 보드, ssd고장으로 인한 PC교체 예정"
PC 트러블슈팅 가이드,01/14(화),하드웨어,저장장치,"SSD추가 증성 요청","해당 SSD 추가 슬롯 부족으로 장착 불가"
PC 트러블슈팅 가이드,01/16(목),네트워크,IP,"내부 보안망PC 네트워크 연결 안됨","어뎁터 초기화 후 정상 연결 확인"
PC 트러블슈팅 가이드,01/17(금),하드웨어,노트북,"블루스크린","시스템 명령어 복구완료"
PC 트러블슈팅 가이드,01/17(금),하드웨어,저장장치,"SSD 추가장착요청","추가장착완료 파티션 생성완료"
PC 트러블슈팅 가이드,01/17(금),소프트웨어,OS,"로우포맷요청","로우포맷완료"
PC 트러블슈팅 가이드,01/17(금),네트워크,기타,"신규좌석 인원으로 내부 보안망 유선-> 무선변경 작업","변경 완료 및 정상연결 확인"
PC 트러블슈팅 가이드,01/20(월),소프트웨어,기타,"일반망PC WIN PW 분실","사내 메신저 고객센터 이관완료"
PC 트러블슈팅 가이드,01/20(월),하드웨어,저장장치,"C드라이브 용량 확대요청","파티션 재조정완료"
PC 트러블슈팅 가이드,01/20(월),하드웨어,노트북,"메모리가 없다고 뜨면서 멈춥니다","시스템 복구완료"
PC 트러블슈팅 가이드,01/21(화),하드웨어,저장장치,"PC 교체로인한 자료이관","자료이관완료"
PC 트러블슈팅 가이드,01/21(화),하드웨어,유지보수,"신규 PC 세팅 및 이전","조치 완료"
PC 트러블슈팅 가이드,01/22(수),하드웨어,저장장치,"노후 PC 자료 이관 (D드라이브 전체)","조치 완료"
PC 트러블슈팅 가이드,01/22(수),네트워크,일반망 이슈,"노트북 일반망 네트워크 이슈","조치 완료"
PC 트러블슈팅 가이드,01/22(수),네트워크,내부 보안망 연결 점검,"내부 보안망 네트워크 연결 점검","조치 완료"
PC 트러블슈팅 가이드,01/22(수),하드웨어,배터리 고장,"배터리 고장, PC 전원 고장","조치 완료"
PC 트러블슈팅 가이드,01/22(수),네트워크,무선랜 신청,"내부 보안망 PC 무선랜 신청","조치 완료"
PC 트러블슈팅 가이드,01/22(수),하드웨어,노후 PC 교체,"노후 PC 교체","조치 완료"
PC 트러블슈팅 가이드,01/22(수),네트워크,내부 보안망 접속 에러,"내부 보안망 접속 에러","조치 완료"
PC 트러블슈팅 가이드,01/23(목),하드웨어,SSD 교체,"SSD 교체","조치 완료"
PC 트러블슈팅 가이드,01/23(목),하드웨어,포맷 신청,"포맷 신청","조치 완료"
PC 트러블슈팅 가이드,01/23(목),하드웨어,포맷 신청,"로우포맷요청","조치 완료"
PC 트러블슈팅 가이드,01/23(목),하드웨어,SSD 증설,"SSD 증설","조치 완료"
PC 트러블슈팅 가이드,01/23(목),하드웨어,부팅 안 됨,"부팅 안 됨","조치 완료"
PC 트러블슈팅 가이드,01/23(목),하드웨어,PC 전원 안 켜짐,"PC 전원 안 켜짐 / SSD 손실 시 책임 묻지 않음 확인","조치 완료"
PC 트러블슈팅 가이드,01/23(목),하드웨어,전원미인가,"전원미인가","동일모델 교체완료"
PC 트러블슈팅 가이드,01/23(목),네트워크,일반망/내부 보안망 수거,"일반망/내부 보안망 수거","조치 완료"
PC 트러블슈팅 가이드,01/23(목),하드웨어,복구 데이터 이관,"복구 데이터 이관","조치 완료"
PC 트러블슈팅 가이드,01/23(목),하드웨어,PC 전원 ON 시 특정 음 이상징후 확인,"PC 전원 ON 시 특정 음 이상징후 확인","조치 완료"
PC 트러블슈팅 가이드,01/23(목),소프트웨어,PC 포맷 및 프로그램 재설정,"PC 포맷 및 프로그램 재설정","조치 완료"
PC 트러블슈팅 가이드,01/24(금),소프트웨어,윈도우 변경,"윈도우 변경","조치 완료"
PC 트러블슈팅 가이드,01/24(금),하드웨어,자료 이동,"내부 보안망 PC 자료 이동","조치 완료"
PC 트러블슈팅 가이드,01/24(금),하드웨어,자료 백업 및 자료 이동,"D드라이브 자료 백업 및 신규 PC 자료 이동","자료 이동 완료"
PC 트러블슈팅 가이드,01/24(금),소프트웨어,OS,"블루스크린 발생(하루 2~3회)","조치 완료"
PC 트러블슈팅 가이드,01/24(금),네트워크,일반망 PC 네트워크 오류,"일반망 PC 네트워크 오류","조치 완료"
PC 트러블슈팅 가이드,01/31(금),네트워크,포맷 후 일반 업무망 세팅,"포맷 후 일반 업무망 세팅","셋팅 완료"
PC 트러블슈팅 가이드,01/31(금),하드웨어,C드라이브 파티션 조정,"C드라이브 파티션 조정","조치 완료"
PC 트러블슈팅 가이드,01/31(금),소프트웨어,OS,"부팅 시 블루스크린 발생","조치 완료"
PC 트러블슈팅 가이드,01/31(금),소프트웨어,OS,"블루스크린 및 HDD 용량 부족","조치 완료"
PC 트러블슈팅 가이드,02/07(금),하드웨어,SSD 자료 확인,"SSD 카드 및 복구 자료 재확인","조치 완료"
PC 트러블슈팅 가이드,02/10(월),하드웨어,PC 재설정,"임시 계정 사용 후 정식 계정 발급에 따른 PC 재설정 요청","조치 완료"
PC 트러블슈팅 가이드,02/10(월),소프트웨어,인증프로그램 요청,"오피스 인증프로그램 요청","인증 완료"
PC 트러블슈팅 가이드,02/11(화),소프트웨어,PC 프로그램 비정상,"PC 프로그램 비정상","조치 완료"
PC 트러블슈팅 가이드,02/12(수),소프트웨어,OS 오류로 인한 PC 포맷 요청,"OS 오류로 인한 PC 포맷 요청","OS 포맷 완료"
PC 트러블슈팅 가이드,02/13(목),소프트웨어,내부 보안망 네트워크 오류,"내부 보안망 네트워크 오류","재부팅 완료"
PC 트러블슈팅 가이드,02/13(목),하드웨어,자료 교체로 인한 자료 백업,"자료 교체로 인한 자료 백업","백업 완료"
PC 트러블슈팅 가이드,02/14(금),하드웨어,PC 세팅,"계정 변경으로 인한 PC 세팅","조치 완료"
PC 트러블슈팅 가이드,02/18(화),네트워크,내부 보안망 유선에서 무선으로 변경,"내부 보안망 유선에서 무선으로 변경","조치 완료"
PC 트러블슈팅 가이드,02/19(수),소프트웨어,OS,"PC 사용 시 블루스크린으로 재시작 문제","조치 완료"
PC 트러블슈팅 가이드,02/20(목),네트워크,인터넷 연결 끊김,"인터넷 연결 끊김","조치 완료"
PC 트러블슈팅 가이드,02/24(월),네트워크,연결 요청,"내부 보안망 네트워크 연결 요청","유선랜 등록 확인"
PC 트러블슈팅 가이드,02/24(월),네트워크,연결 오류,"시뮬레이션 PC 내 내부 보안망 및 무선 인터넷 연결 오류","조치 완료"
PC 트러블슈팅 가이드,02/25(화),네트워크,인터넷 변경,"이사 후 PC 점검 및 무선 인터넷 변경","조치 완료"
PC 트러블슈팅 가이드,02/26(수),네트워크,망 점검,"일반망/내부 보안망 네트워크 점검","조치 완료"
PC 트러블슈팅 가이드,02/28(금),하드웨어,모니터 파손,"사업장 이동 중 모니터 파손","조치 완료"
PC 트러블슈팅 가이드,02/28(금),네트워크,내부 보안망 네트워크 설정,"내부 보안망 네트워크 설정","조치 완료"
PC 트러블슈팅 가이드,02/28(금),하드웨어,SSD 추가,"SSD 추가","조치 완료"
PC 트러블슈팅 가이드,03/04(화),소프트웨어,OS,"블루스크린","조치 완료"
PC 트러블슈팅 가이드,03/04(화),하드웨어,SSD 교체,"SSD 불량으로 인한 교체","조치 완료"
PC 트러블슈팅 가이드,03/05(수),하드웨어,배터리 고장,"노트북 배터리 고장으로 인한 교체 신청","동일 모델 교체 완료"
PC 트러블슈팅 가이드,03/06(목),하드웨어,자료 이관,"노후 PC 자료 이관","조치 완료"
PC 트러블슈팅 가이드,03/07(금),하드웨어,포맷 신청,"개발 PC에서 내부 보안망 PC 로 용도 변경을 위한 사전 포맷 신청","조치 완료"
PC 트러블슈팅 가이드,03/10(월),하드웨어,데이터 백업,"내부 보안망 PC 교체로 인한 데이터 백업 이동(D드라이브 전체)","조치 완료"
PC 트러블슈팅 가이드,03/10(월),하드웨어,포맷 신청,"PC 포맷 신청","조치 완료"
PC 트러블슈팅 가이드,03/17(월),하드웨어,자료 이동 요청,"퇴사자 PC 내 자료이동 요청","조치 완료"
PC 트러블슈팅 가이드,03/17(월),네트워크,무선랜 교체,"무선랜 교체","조치 완료"
PC 트러블슈팅 가이드,03/17(월),네트워크,내부 보안망 무선 교체,"내부 보안망 무선 교체","조치 완료"
PC 트러블슈팅 가이드,03/18(화),하드웨어,SSD 장착,"SSD 장착","조치 완료"
PC 트러블슈팅 가이드,03/20(목),하드웨어,모니터 패널 고장,"모니터 패널 고장","조치 완료"
PC 트러블슈팅 가이드,03/21(금),하드웨어,PC 재부팅,"PC 재부팅","조치 완료"
PC 트러블슈팅 가이드,03/24(월),하드웨어,PC 느림,"PC 느림, 꺼짐, 인터넷 연결 느림, 키보드 인식이 안되는 현상 발생","조치 완료"
PC 트러블슈팅 가이드,03/25(화),네트워크,와이파이 연결,"이더넷 연결 컨버터 분실로 인한 와이파이 연결로 변경","조치 완료"
PC 트러블슈팅 가이드,03/26(수),네트워크,내부 보안망 안 됨,"내부 보안망 안 됨","조치 완료"
PC 트러블슈팅 가이드,03/28(금),소프트웨어,OS,"PPT 작업 후 저장 시 응답없음 및 화면 멈춤, 문서보안(DRM) 삭제 후 재시도 했으나 동일 증상 확인","조치 완료"
PC 트러블슈팅 가이드,04/01(화),하드웨어,저장장치 구입,"저장매체 구입 및 추가","조치 완료"
PC 트러블슈팅 가이드,04/02(수),네트워크,유, 무선 변경,"내부 보안망 네트워크 유, 무선 변경","조치 완료"
PC 트러블슈팅 가이드,04/03(목),하드웨어,포맷 요청,"OS 오류로 인한 PC 포맷 요청","조치 완료"
PC 트러블슈팅 가이드,04/07(월),하드웨어,랜카드 인식 오류,"LoiFi 랜카드 인식 오류","조치 완료"
PC 트러블슈팅 가이드,04/07(월),하드웨어,전원 안 켜짐,"전원 안 켜짐","조치 완료"
PC 트러블슈팅 가이드,04/08(화),네트워크,네트워크 미연결,"네트워크 미연결","조치 완료"
PC 트러블슈팅 가이드,04/09(수),하드웨어,SSD 추가 증설,"SSD 추가 증설","조치 완료"
PC 트러블슈팅 가이드,04/10(목),네트워크,연결 불가,"네트워크 연결 불가","조치 완료"
PC 트러블슈팅 가이드,04/11(금),네트워크,접속 불가,"네트워크 접속 불가","조치 완료"
PC 트러블슈팅 가이드,04/11(금),하드웨어,C드라이브 용량 부족,"C드라이브 용량 부족","조치 완료"
PC 트러블슈팅 가이드,04/14(월),하드웨어,데이터 이관 요청,"Jetson 보드에 부착된 SSD 탈착 후 데이터 이관 요청","조치 완료"
PC 트러블슈팅 가이드,04/14(월),네트워크,일반 업무망,"10.240.32.128 (일반 업무망)","조치 완료"
PC 트러블슈팅 가이드,04/15(화),하드웨어,포맷 후 일반 업무망 세팅,"엑셀 실행 시 실행 안되서 재부팅 메뉴로 재부팅 했으나 무한 재부팅","포맷 후 RSImageX 일반 이미지 세팅"
PC 트러블슈팅 가이드,04/16(수),소프트웨어,V3 업데이트,"V3 업데이트","V3 업데이트 완료"
PC 트러블슈팅 가이드,04/18(금),하드웨어,PC 포맷,"망전환을 위한 PC 포맷 및 내부 보안망 설치","포맷 및 내부 보안망 셋팅 완료"
PC 트러블슈팅 가이드,04/23(수),네트워크,일반 업무망 세팅,"일반 업무망 세팅 3대 요청","셋팅완료"
PC 트러블슈팅 가이드,04/25(금),하드웨어,부팅 불가,"부팅 불가","SSD 손상으로 점검 완료"
PC 트러블슈팅 가이드,04/25(금),하드웨어,부팅 불가,"부팅 불가","SSD 손상으로 복구업체 이관 완료"
PC 트러블슈팅 가이드,04/28(월),네트워크,내부 보안망 용량 증설,"내부 보안망 용량 증설","M.2 SSD 500GB 증설(장착) 및 파티션 셋팅 완료"
PC 트러블슈팅 가이드,04/28(월),하드웨어,포맷 요청,"일반망 포맷 요청","포맷 완료"
PC 트러블슈팅 가이드,05/07(수),하드웨어,포맷 요청,"포맷&중계 PC용 세팅 요청","포맷 및 세팅 완료"
PC 트러블슈팅 가이드,05/07(수),소프트웨어,초기화,"이글오피스 비밀번호 분실","암호초기화완료"
PC 트러블슈팅 가이드,05/07(수),소프트웨어,포맷 요청,"PC 포맷요청","포맷완료"
PC 트러블슈팅 가이드,05/12(월),네트워크,인터넷 접속,"인터넷 연결 끊김","드라이버 재설치 완료"
PC 트러블슈팅 가이드,05/12(월),소프트웨어,Active Directory 설정 이슈,"Active Directory 설정 이슈","Active Directory 설정 이행 완료"
PC 트러블슈팅 가이드,05/13(화),하드웨어,데이터 이전,"노후 PC 교체로 인한 데이터 이전","데이터 이전 및 PC 교체 완료"
PC 트러블슈팅 가이드,05/14(수),하드웨어,자료 이관,"복구 자료 이관","조치완료"
PC 트러블슈팅 가이드,05/14(수),네트워크,내부 보안망 연결 불가,"인터넷&내부 보안망 연결 불가","드라이버 재설치 완료"
PC 트러블슈팅 가이드,05/14(수),소프트웨어,word 프로그램 이슈,"word 프로그램 미동작","DRM 재설치완료"
PC 트러블슈팅 가이드,05/19(월),소프트웨어,프로그램 오류,"프로그램 실행 오류 점검","문제 없음"
PC 트러블슈팅 가이드,05/19(월),네트워크,일반망 IP 변경 불가 증상,"일반망 IP 변경 불가 증상","보안 솔루션 OTP 발급 완료"
PC 트러블슈팅 가이드,05/20(월),소프트웨어,포맷 및 OS 재설치,"포맷 및 OS 재설치 요청","포맷완료"
PC 트러블슈팅 가이드,05/21(월),하드웨어,저장장치 장착,"HDD 2TB 장착 요청","HDD 2TB 장착 완료"
PC 트러블슈팅 가이드,05/23(수),소프트웨어,업데이트 안됨,"업데이트 안됨","포맷 후 RSImageX 일반 이미지 세팅"
PC 트러블슈팅 가이드,05/26(월),네트워크,네트워크 오작동,"내부 보안망 Note PC 네트워크 오작동","와이파이 T-gate 계정 로그인 후 정상 확인"
PC 트러블슈팅 가이드,Q&A 가이드,소프트웨어,기본 프로그램,"환경안전 사이트 접속이 불가능 합니다.","사내 메신저 지원업무>사무용 S/W 설치&안내>2페이지에 있는 환경안전 전산시스템 초기접속 에러 ActiveX설치 대응 가이드를 참고하셔서 액티브 재설치를 진행해주시면 됩니다."
PC 트러블슈팅 가이드,Q&A 가이드,네트워크,무선네트워크,"일반망 PC 사용중 인터넷이 자주 끊기는 현상이 발생합니다.","사내 메신저 게시판> 지사 게시판 >지사 사업장 무선 네트워크 관련 게시글에 첨부된 일반망 무선 네트워크 최적화 메뉴얼을 진행해주시면 됩니다. 조치 후에도 동일 증상이 발생 할 시 각 사업장 네트워크ICT 담당자나 PC지원으로 연락주시기 바랍니다."
PC 트러블슈팅 가이드,Q&A 가이드,하드웨어,저장장치,"PC 용량이 부족하여 용량 확장이 필요 합니다. 어떻게 진행 하면 되나요?","PC지원 연락하여 현재 사용하고 있는 PC에 저장매체 추가장착 가능 여부 확인 후 부서에서 SSD 자체적으로 구매, PC지원에 추가장착 요청 하시면 되겠습니다."
PC 트러블슈팅 가이드,Q&A 가이드,하드웨어,백업,"문서파일 등 일부 데이터가 손실(삭제) 되었습니다. 어떻게 진행 하면 되나요?","데이터 복구 관련은 PC지원에서 작업이 불가능 합니다. 해당 파티션에 추가적으로 데이터 추가/삭제 작업 금지, 바로 PC지원 연락하셔서 필요 시 복구업체 의뢰 진행 바랍니다. 복구 비용은 부서경비로 처리 하셔야 합니다."
PC 트러블슈팅 가이드,2024-03-04 17:00,네트워크,일반망,"임원실 내 일반망 무선 네트워크 접속 장애 및 신호 끊김 현상 발생","임원실 방문 후 일반망 유무선 공유기 무선 채널 간섭 조정 및 최적화 케이블 신호 점검 완료"
PC 트러블슈팅 가이드,2024-03-04 17:30,하드웨어,저장장치,"본사 내 재고 PC 성능 저하로 인한 SSD 디스크 업그레이드 요청","PC지원실에서 신품 SSD 자산 장착 및 검수 완료 후 본사으로 안전하게 파우치 택배 배송 조치"
PC 트러블슈팅 가이드,2024-03-26 17:00,하드웨어,노트북,"구매1팀 PC지원 담당자 신규 인사 발령에 따른 업무용 전산 기기 배포 지연","업무용 표준 LG 노트북의 윈도우 마스터 이미지를 정합 세팅하고 부서용 프린터 드라이버 및 보안 셋팅 후 긴급 지급 완료"
PC 트러블슈팅 가이드,2024-03-27 17:00,하드웨어,노트북,"업무 부서 내부 보안망 대여 노트북의 원인 미상의 부팅 정지 및 보안 소프트웨어 충돌","기존 고장 장비를 회수 조치하고 정합 재고 PC로 일대일 즉시 교체한 후 필수 사내 보안 에이전트 패키지 수동 복구 설치"
PC 트러블슈팅 가이드,2024-03-29 17:00,하드웨어,포맷,"지사 사내 식당 관리실 PC의 시스템 파일 손상에 따른 윈도우 부팅 불가","식당 관리실 출장 방문 후 PC 하드디스크 내부 전수 로우포맷 진행 및 윈도우 OS 재설치, 정상 작동 검수 완료"
PC 트러블슈팅 가이드,2024-04-01 17:00,네트워크,일반망,"사내 식당 관리실 신규 PC 전입에 따른 일반 업무망 네트워크 인터넷 회선 연결 끊김","외부 인터넷 개통 수리기사 현장 인솔 및 포트 가용 상태 체크, 신규 LAN선 포설을 통한 일반망 네트워크 세팅 개통 지원"
PC 트러블슈팅 가이드,2024-04-04 17:30,하드웨어,포맷,"업무 부서(지원 담당자) 협력업체 철수로 수거된 PC 7대의 기밀 데이터 잔존 우려","사내 정보보안 규정에 의거하여 수거된 7대의 전산 기기 전수 로우포맷(보안 포맷) 작업을 일괄 적용하여 기밀 정보 유출 완전 차단"
PC 트러블슈팅 가이드,2024-04-04 17:30,소프트웨어,OS,"업무 부서 이증섭 사원 개발용 노트북의 윈도우 OS 깨짐 및 시스템 라이브러리 손상","노트북 데이터 안전 이관 후 윈도우 OS를 재설치하고 개발 업무용 호환 드라이버 패키지를 수동 정합 설치하여 기능 정상화"
PC 트러블슈팅 가이드,2024-04-05 17:00,하드웨어,저장장치,"임직원 장비 전대전 후 반납 처리된 노후 전산 자산 내 하드디스크 정보 복구 가능성 잔존","반납 자산들의 하드디스크(SSD)를 수동으로 분해 및 탈거하여 물리적 파기 대상 대장에 안전하게 이관 및 시건 보관"
PC 트러블슈팅 가이드,2024-04-08 17:00,하드웨어,포맷,"업무 부서 협력업체 출장 반출 PC 10대의 보안 점검 및 포맷 시한 급박","반출 예정 협력업체 전산 장비 10대 전체에 대하여 하드디스크 전량 로우포맷 및 사내 표준 OS 이미지를 강제 복구 설치"
PC 트러블슈팅 가이드,2024-04-08 17:30,하드웨어,포맷,"이증섭 사원 오프라인 노트북 및 업무 부서 서유석 사원 오프라인 개발 데스크탑의 부팅 에러","오프라인 보안 장비 2대에 대해 물리 하드디스크 정밀 점검 후 정비 로우포맷을 실행하고 공장 초기화 표준 이미지 구축"
PC 트러블슈팅 가이드,2024-04-17 18:00,소프트웨어,OS,"업무 부서 김성범 사원 일반망 PC 사용 중 시스템 파일 업데이트 도중 부팅 에러 발생","PC 전원 방전 후 윈도우 OS 손상 파일 자동 복구 명령어를 적용하고, 일반망 표준 환경으로 신규 OS 마스터 재설치"
PC 트러블슈팅 가이드,2024-04-17 18:00,하드웨어,포맷,"업무 부서 시스템 담당자 반출 협력사 PC의 기밀 정보 완전 폐기 검수 요청","보안성 검증을 완료하기 위해 해당 반출 장비의 디스크 로우포맷 작업을 진행하여 기술 기밀 유출 가능성을 원천 배제"
PC 트러블슈팅 가이드,2024-04-18 17:00,하드웨어,노트북,"업무 부서 대규모 신규 입사자 지급용 사내 개발망 PC 12대의 보안 적합성 검증 부재","사내 개발망 신규 노트북 12대 전체에 보안스티커 부착 및 바이오스 시건, EPP 무결성 검증과 T-gate 정상 가동 상태를 선제 검수"
PC 트러블슈팅 가이드,2024-04-18 17:00,소프트웨어,기본 프로그램,"전자광학체계2팀 보안 담당자 개발 PC 내 Visual Studio 2019 라이선스 무효화 및 설치 불가","PC지원실 현장 지원을 통해 기존 평가판 버전을 완전 삭제 및 레지스트리 정리 후 정식 정품 라이선스로 최적 재설치 완료"
PC 트러블슈팅 가이드,2024-04-26 10:06,네트워크,DNS,"구 DNS 서버 중단에 따라 사내 공용 구역 및 공용 업무 PC의 일괄 인터넷 단절 및 사내 메신저 먹통 장애","본사 접견실, 제안서룸, 전 회의실 공용 PC의 DNS 주소를 신규 DNS 서버 IP로 수동 일괄 전환하여 네트워크 전면 복구"
PC 트러블슈팅 가이드,2024-05-31 17:00,네트워크,내부 보안망,"원격 파견지 내 임직원 사내용 개발 노트북의 사내 전용 네트워크 포트 이탈 및 통신 완전 단절","원격 사업장 파견지 긴급 출장 지원을 수행하여 네트워크 랜커넥터 물리 수리 및 IP 라우팅 재설정 완료"
PC 트러블슈팅 가이드,2024-07-02 17:30,소프트웨어,OS,"사업장 노연희 사원 내부 보안망 PC 전원 인가 시 블루스크린 및 부팅 드라이브 누락 에러 발생","내부 보안망 PC C드라이브 정밀 로우포맷 진행 후 표준 내부 보안망 OS 재설치 및 라이선스 복구 작업 이행"
PC 트러블슈팅 가이드,2024-07-08 17:30,소프트웨어,OS,"기반SW팀 이주원 사원 사외 출장용 노트북 V3 및 T-gate 에이전트 버전 구형으로 인한 반출 승인 거절","출장용 공용 노트북 OS 일괄 클린 설치 및 필수 사외 반출용 보안 에이전트 최신 패치 업데이트 완료 후 인계"
PC 트러블슈팅 가이드,2024-07-09 17:00,하드웨어,저장장치,"사업장 네트워크 담당자 일반망 PC의 윈도우 업데이트 시 C드라이브 용량 한도 초과로 인한 시스템 정지","D드라이브의 유휴 가용 볼륨을 축소하고 C드라이브 볼륨을 동적으로 강제 확장하여 윈도우 업데이트 공간 확보 완료"
PC 트러블슈팅 가이드,2024-07-11 17:30,하드웨어,노트북,"업무 부서 PC지원 담당자 기존 개발용 구형 PC의 극심한 발열 및 다운 현상 반복 발생","신품 대여 노트북으로 일대일 이관 조치하고, 자료 백업 수행 후 망연계 시스템/문서보안(DRM) 등 보안 에이전트 완벽 세팅 이행"
PC 트러블슈팅 가이드,2024-07-12 17:00,네트워크,내부 보안망,"데이터링크2팀 지원 담당자 내부 보안망 PC 유선 연결 시 IP 취득 불가 및 잦은 무선인증 팅김 장애","사무실 허브 포트에서 PC까지 포설된 노후 랜커넥터 수동 재제작 교체 및 사내 타임서버 수동 재셋팅 완료"
PC 트러블슈팅 가이드,2024-07-16 17:30,네트워크,일반망,"업무 부서 김경욱 사원 일반망 인터넷 서핑 중 비정상 사이트 팝업 중독 및 IP 주소 중복 차단","PC 내의 비정상 네트워크 환경 초기화 및 캐시 전량 청소 후, 안전한 일반망 고정 IP 수동 재설정 및 WIPS 연동 완료"
PC 트러블슈팅 가이드,2024-07-17 17:30,네트워크,내부 보안망,"해양미래기술센터 보안 담당자 내부 보안망 로그인 정보 불일치 메시지 및 무선 인증 프로필 파손","내부 보안망 고유 랜커넥터 물리 수리 및 T-gate 패스워드 재설정 동기화를 통하여 무선인증솔루션 연결 복구"
PC 트러블슈팅 가이드,2024-07-18 17:00,소프트웨어,OS,"해양시스템1팀 김현모 사원 출장 복귀 PC의 원인 미상의 운영체제 커널 손상 및 윈도우 부팅 불가","기존 로컬 자료 백업 유휴 디스크 보존 조치 후, 최신 윈도우 OS 마스터이미지 수동 초기화 설치 및 보안 업데이트"
PC 트러블슈팅 가이드,2024-07-22 17:30,소프트웨어,OS,"데이터링크1팀 이덕우/양모찬 사원 일반망 PC 속도 저하 및 주기적인 블루스크린 덤프 에러 발생","PC지원실 이송 후 SSD 무결성 하드 검수, 전체 로우포맷 진행 및 최신 표준 일반망 윈도우 10 OS 일괄 재배포"
PC 트러블슈팅 가이드,2024-08-14 17:30,소프트웨어,OS,"사업장 지원 담당자 출장 반출 대여 노트북 3대의 필수 V3 및 문서보안(DRM) 최신 보안 규칙 동기화 누락","반출 노트북 3대 전수 포맷 및 최신 윈도우 OS 마스터 설치, 보안 에이전트 수동 업데이트 완료"
PC 트러블슈팅 가이드,2024-08-19 17:30,소프트웨어,OS,"원가1팀 김인호 사원 내부 보안망 PC 사용 중 불규칙적인 무한 블루스크린(Crash) 및 시스템 다운","내부 보안망 PC 내부 장착된 무선 랜카드 드라이버 충돌 확인 후, 안전모드 진입하여 드라이버 초기화 및 최신 정합 드라이버 재설치"
PC 트러블슈팅 가이드,2024-08-22 17:30,소프트웨어,OS,"사내 아키텍처 기술 교육용 공용 PC 10대의 윈도우 라이선스 만료 및 보안 패치 미이행","교육용 PC 10대 전수 PC지원실 이송, 일괄 포맷 진행 후 최신 보안 패치 및 표준 OS 이미지 복구 설치 완료"
PC 트러블슈팅 가이드,2024-08-27 17:30,하드웨어,포맷,"업무 부서 부서 담당자 협력업체 사용 반납 전산 자산 2대의 내부 자료 보안 검수 수반","데이터 유출 원천 차단을 위해 해당 전산 기기 하드디스크 정밀 로우포맷(Zero-Filling) 처리 완료"
PC 트러블슈팅 가이드,2024-09-24 15:58,네트워크,일반망,"온라인 전사 자산실사 팝업 동작 중 신규 및 전배 임직원의 사번 미등록 오류에 따른 프로그램 튕김","PC지원실 접수 건에 대해 서버에서 사용자 정보 강제 수동 동기화 및 자산 등록 완료 처리 회신"
PC 트러블슈팅 가이드,2024-11-14 17:30,하드웨어,저장장치,"지상시스템3팀 박현철 사원 일반망/내부 보안망 PC의 데이터 가용 공간 절대 부족","저장매체 구입/이관 신청서 확인 후 PC지원실에서 SSD 물리 추가 장착 및 볼륨 정상 동기화 셋팅 완료"
PC 트러블슈팅 가이드,2025-02-03 10:31,소프트웨어,OS,"본사 임직원(정세진 실장 등)의 사내 메신저 패스워드 강제 초기화 이후 AD 로그인 불가 및 비밀번호 불일치 현상 발생","AD 도메인 컨트롤러 동기화 지연 확인 후, 로컬 PC에서 WIFI 해제 후 유선 LAN 강제 변경을 통해 AD 패스워드 재설정 동기화 유도"
PC 트러블슈팅 가이드,2025-07-07 13:15,하드웨어,백업,"업무 부서 한성현 사원 신구 PC 교체 중 크로스케이블 백업 전송 도중 오류 발생 및 기존 원본 데이터 소실","백업 끊김 현상 확인 후, 하드 탈거를 수행하여 사내 공식 보안 반출 승인을 득하고 데이터 정밀 복구 전문업체 긴급 이관 조치"
PC 트러블슈팅 가이드,2025-08-11 08:47,하드웨어,저장장치,"신품 HP 노트북 구동 시 부팅 장치 검색 오류 'Boot Device Not Found' 블루스크린 출력","노트북 하판 탈거 후 메인보드와 SSD 연결 슬롯 간의 이물질 물리 소거 및 재장착을 이행하여 인식 상태 복구 완료"
PC 트러블슈팅 가이드,2026-02-09 17:00,네트워크,일반망,"사내 전산관리자의 무선 와이파이 보안 SSID 숨김(Hidden) 강제 개보수 조치 이후, 임직원 PC의 무선 네트워크 전면 단절","업무 부서 신영훈, 업무 부서 김정수 일반망 단말에 보안 SSID 및 고정 IP 무선 네트워크 수동 강제 셋팅 적용 완료"
PC 트러블슈팅 가이드,2026-02-11 17:00,네트워크,WIPS,"이진명 전무 신규 지급 노트북 무선 일반망 연결 시 필수 프로그램 설치 대기 중 무선 윕스(WIPS) 오탐으로 네트워크 강제 완전 차단 발생","전산관리자 무선 점검 대장에 단말 맥 주소 수동 승인 요청 등록 및 WIPS 무선 차단 예외 처리 인가 완료 후 프로그램 셋팅"
PC 트러블슈팅 가이드,2026-02-12 17:00,소프트웨어,기본 프로그램,"신정두 상무 일반망 노트북의 MS 아웃룩 사서함 파일 손상으로 인한 전체 메일함 검색 및 송수신 불가","손상된 아웃룩 메일 데이터(.pst) 파일 복구 유틸리티 실행 및 프로필 복구 조치 완료 후 정상 작동 확인"
PC 트러블슈팅 가이드,2026-03-31 09:07,소프트웨어,OS,"윈도우 보안 누적 업데이트 결함으로 인한 임직원 기종 불문 블루스크린(MEMORY_MANAGEMENT) 무한 발생 및 부팅 마비","메모리 재장착 및 시동 복구 일체 불가함에 따라 중요 개발 소스 백업 완료 후 전용 정합 디스크를 통해 OS 포맷 클린 재설치 완료"
PC 트러블슈팅 가이드,2026-04-27 14:46,소프트웨어,OS,"특정 일반망 PC 시작 메뉴 검색 불가 버그 및 기본 캡처도구와 그림판 프로그램 영구 삭제 현상 다수 발생","PC지원실에서 사전 확보 중인 윈도우 표준 복구 패키지 설치파일을 사용하여 기본 앱들 전원 수동 정상 복구 수립"
PC 트러블슈팅 가이드,2026-07-30 14:17,하드웨어,저장장치,"사내 보안 전용 공유폴더 개편 조치 도입 이후, PC지원용 포맷 및 백업용 외장하드 연결 시 보안 탐지로 인한 마운트 즉시 해제 및 파일서버 접근 차단 현상","전산관리자과 연계하여 PC지원 엔지니어 전용 외장 저장매체에 대해 보안 USB 및 포탈 예외 사용 등록 승인 완료"